ipa,text,g2p,speaker_code,speaker_gender,speaker_native_language,duration_s,ipa_wstress,text_num_chars,text_num_words,ipa_num_chars,prediction,reference_norm,prediction_norm,ref_num_words,ref_num_chars,utt_wer,utt_cer
j蓻s蕦m瑟tsimz瑟ff晒蕦m冒蕦f蓾sb瑟kt蕛蓾zz瑟s瑟zla瑟k蕦b瑟kt蕛蓾o蕣f蕦m蕦da蕣nta蕣n蓴f蕦sitiw瑟z蕦b瑟kh蓴t蓻ls蕦ndtutubip蕦lw蕦nw蕣m蕦n忙ndw蕦nm忙nw蓻nduz瑟sh蓹t蓻lz蕦nb瑟k蕦zz蓻晒瑟zno蕣s蓴瑟n蕦蓴nz蕦蓴nz蕦w蓻ndo蕣z瑟t蕛w蕦nla瑟k晒忙蕭d瑟ntu瑟t蕛蕦冒蓾s蕦nd蓱ft蓾冒忙t蓱ft蓾k晒忙蕛蕦冒e瑟f蓱n冒忙ts蓾b晒a瑟z瑟艐伞晒liz蓻h忙vd蕦s蓻mk蓱l蓾o蕣vz蕦b忙k蕦nd瑟h瑟lla瑟k瑟ts瑟ss瑟m蕦l蓾b忙ks忙k蕛蕦li蕦nd蓱ft晒k晒忙蕛瑟艐伞瑟v晒iw蕦ndo蕣kz蓻it蕛蕦d晒zb忙k蕦nd蓱ft蓾冒忙tw蓻nw蓻ntb忙ktu冒蓻晒晒umz冒蓻fa蕣n冒忙tz蕦m忙ndo蕣kz蕦d晒蓻s蓴vz蕦蓱ft蓾h瑟zo蕣b蕦n瑟艐tsz蕦z蕦b忙kh瑟zb忙khif蕦nz蕦thit蓴k蕦hifa蕣ndla瑟k蕦晒蓻dd晒蓻s蓴f蕦w蕣m蕦n蕦nz蕦w蕣m蕦nf蓱nz蕦t蕦e瑟j瑟lo蕣t蓴瑟蕦v冒蕦m忙n蕦nd蕦mn蓱t蕛蕣晒w蕦tsw蕦th忙b蕦n忙ft蓾胃忙胃,yes um it seems that from the first pictures this is like a picture of um a downtown of a city with a big hotels and two two people one woman and one man went to this hotels and because there is no sign uh on the on the windows each one like crashed into each others and after that after crash uh they found that surprisingly they have the same color of the bag and i feel like it's it's similar bags actually and after crashing everyone took the each other's bag and after that when went back to their rooms they found that the man took the dress of the after his opening the the bag his bag he found that he took uh he found like a red dress of a woman and the woman found that uh a yellow tie of the man and i'm not sure what's what happened after that,j蓻s蕦m瑟tsimz冒忙tf晒蕦m冒蕦f蓾stp瑟kt蕛蓾z冒瑟s瑟zla瑟k蕦p瑟kt蕛蓾蕦v蕦m蕦da蕣nta蕣n蕦v蕦s瑟tiw瑟冒蕦b瑟伞ho蕣t蓻lz蕦ndtutupip蕦lw蕦nw蕣m蕦n蕦ndw蕦nm忙nw蓻nttu冒瑟sho蕣t蓻lz蕦ndb瑟k蓴z冒蓻晒瑟zno蕣sa瑟n蕦蓱n冒蕦蓱n冒蕦w瑟ndo蕣zit蕛w蕦nla瑟kk晒忙蕛t瑟ntuit蕛蕦冒蓾z蕦nd忙ft蓾冒忙t忙ft蓾k晒忙蕛蕦冒e瑟fa蕣nd冒忙ts蓾p晒a瑟z瑟艐li冒e瑟h忙v冒蕦se瑟mk蕦l蓾蕦v冒蕦b忙伞蕦nda瑟filla瑟k瑟ts瑟tss瑟m蕦l蓾b忙伞z忙kt蕛蕦w蕦li蕦nd忙ft蓾k晒忙蕛瑟艐蓻v晒iw蕦nt蕣k冒蕦it蕛蕦冒蓾zb忙伞蕦nd忙ft蓾冒忙tw蓻nw蓻ntb忙ktu冒蓻晒晒umz冒e瑟fa蕣nd冒忙t冒蕦m忙nt蕣k冒蕦d晒蓻s蕦v冒蕦忙ft蓾h瑟zo蕣p蕦n瑟艐冒蕦冒蕦b忙伞h瑟zb忙伞hifa蕣nd冒忙thit蕣k蕦hifa蕣ndla瑟k蕦晒蓻dd晒蓻s蕦v蕦w蕣m蕦n蕦nd冒蕦w蕣m蕦nfa蕣nd冒忙t蕦蕦j蓻lo蕣ta瑟蕦v冒蕦m忙n蕦nda瑟mn蓱t蕛蕣晒w蕦tsw蕦th忙p蕦nd忙ft蓾冒忙t,aba,m,Arabic,53.0945625,j蓻藞s蕦藞m瑟藞tsi藞mz瑟ff晒蕦藞m冒蕦f蓾藞sb瑟藞kt蕛蓾zz瑟s瑟zla瑟藞k蕦b瑟藞kt蕛蓾o蕣f蕦藞m蕦da蕣藞nta蕣藞n蓴f蕦si藞tiw瑟藞z蕦b瑟藞kh蓴t蓻藞ls蕦ndtu藞tu藞bi藞p蕦lw蕦藞nw蕣藞m蕦n忙藞ndw蕦藞nm忙藞nw蓻藞ndu藞z瑟藞sh蓹t蓻藞lz蕦nb瑟k蕦zz蓻藞晒瑟藞zno蕣s蓴瑟n蕦藞蓴藞nz蕦蓴藞nz蕦w蓻藞ndo蕣z瑟t蕛w蕦藞nla瑟藞k晒忙藞蕭d瑟藞ntu瑟t蕛蕦藞冒蓾s蕦nd蓱ft蓾冒忙藞t蓱ft蓾k晒忙藞蕛蕦藞冒e瑟藞f蓱n冒忙藞ts蓾b晒a瑟藞z瑟艐伞晒liz蓻h忙藞vd蕦s蓻mk蓱藞l蓾o蕣vz蕦b忙藞k蕦nd瑟h瑟lla瑟藞k瑟藞ts瑟ss瑟藞m蕦l蓾b忙藞ks忙藞k蕛蕦li蕦nd蓱ft晒k晒忙藞蕛瑟艐伞瑟v晒iw蕦藢ndo蕣藞kz蓻i藞t蕛蕦藞d晒zb忙藞k蕦nd蓱ft蓾冒忙藞tw蓻藞nw蓻藞ntb忙藞ktu藞冒蓻晒晒u藞mz冒蓻fa蕣藞n冒忙藞tz蕦藞m忙藞ndo蕣藞kz蕦藞d晒蓻藞s蓴vz蕦藞蓱ft蓾h瑟藞zo蕣b蕦n瑟艐tsz蕦藞z蕦藞b忙藞kh瑟zb忙藞khi藞f蕦nz蕦thi藞t蓴藞k蕦藞hi藞fa蕣藞ndla瑟藞k蕦晒蓻藞dd晒蓻藞s蓴f蕦w蕣藞m蕦n蕦nz蕦w蕣藞m蕦nf蓱nz蕦t蕦藞e瑟藞j瑟lo蕣t蓴瑟蕦藞v冒蕦m忙藞n蕦nd蕦mn蓱藞t蕛蕣藞晒w蕦藞tsw蕦藞th忙藞b蕦n忙藞ft蓾胃忙藞胃,755,156,504," Yes, it seems from the first pictures this is like a picture of a town of a city with a big hotels and two people one woman and one man went to these hotels and because there is no sign on the windows each one like crashed into each others and after that after crash they found that surprisingly they have the same color of the bag and like it's similar bags actually",yes um it seems that from the first pictures this is like a picture of um a downtown of a city with a big hotels and two two people one woman and one man went to this hotels and because there is no sign uh on the on the windows each one like crashed into each others and after that after crash uh they found that surprisingly they have the same color of the bag and i feel like its its similar bags actually and after crashing everyone took the each others bag and after that when went back to their rooms they found that the man took the dress of the after his opening the the bag his bag he found that he took uh he found like a red dress of a woman and the woman found that uh a yellow tie of the man and im not sure whats what happened after that,yes it seems from the first pictures this is like a picture of a town of a city with a big hotels and two people one woman and one man went to these hotels and because there is no sign on the windows each one like crashed into each others and after that after crash they found that surprisingly they have the same color of the bag and like its similar bags actually,156,750,0.5448717948717948,0.5173333333333333
l蓴艐l蓴艐蕦伞o蕣瑟n蕦晒瑟lib瑟ks瑟ti忙n瑟n蕦k蓴n蓾蓴fd蕦bj蕣wd瑟艐蕦m忙n蕦nd蕦um忙n胃d蕭蕦sw蓱n蕦伞o蕣tud蓻晒d忙st蕦ne瑟蕛蕦n蕦nde瑟bo蕣胃k忙晒id蕦s瑟mke瑟s瑟s蕦nb蕦s蕦d蕦li瑟n蕦k蓴n蓾d蕦m忙n忙nd蕦蕣m蕦mb蕦mptintuw瑟胃i蕛蓱晒蓾蕦nde瑟d蕭蕦sfo蕣tda蕣n蕦ntsinsd蓻晒ke瑟s瑟s蓱晒蕦se瑟mde瑟d瑟d蕦npe瑟蕦t蓻n蕛蕦nt蕦冒忙冒so蕣de瑟d蕭蕦s伞晒忙pw蓱n蕦n伞o蕣tu冒蓻晒ko蕣蕦伞蓴tu冒蓻晒d忙st蕦ne瑟蕛蕦so蕣伞o蕣tu冒蓻ho蕣m蕦me瑟bid蓻晒蓴f瑟sb蕦d蕦mw蓻nt蕦m蓻n蓾a瑟dhis蓴f蕦shio蕣p蕦nd蕦ke瑟s蕦ndf蕦nda蕣d忙d瑟sk蓻sb瑟l蓴艐stud蕦um蓻n蕦ndw蓻nd蕦um蓻nw蓻nb忙ktuhisho蕣m蕛if蕦tuh蓾h蓴m蕦n蕛if蕦nda蕣d忙d蕦ke瑟sb瑟l蓴nstud蕦m蓻so蕣d忙ts蕦m瑟ste瑟k,long long ago in a really big city and in a corner of the building a man and a woman just want to go to their destination and they both carry the same cases and but suddenly in a corner the man and the woman bumped into with each other and they just falled down and since their cases are the same they didn't pay attention to that so they just grabbed one and go to their go uh go to their destinations oh go to their home uh maybe their office but um when the man arrived his office he opened the case and found out that this case belongs to the woman and when the woman went back to his home she found to her home and she found out that the case belongs to the man so that's a mistake,l蓴艐l蓴艐蕦伞o蕣瑟n蕦晒瑟lib瑟伞s瑟ti蕦nd瑟n蕦k蓴晒n蓾蕦v冒蕦b瑟ld瑟艐蕦m忙n蕦nd蕦w蕣m蕦nd蕭蕦stw蓱nttu伞o蕣tu冒蓻晒d蓻st蕦ne瑟蕛蕦n蕦nd冒e瑟bo蕣胃k忙晒i冒蕦se瑟mke瑟s蕦z蕦ndb蕦ts蕦d蕦nli瑟n蕦k蓴晒n蓾冒蕦m忙n蕦nd冒蕦w蕣m蕦nb蕦mpt瑟ntuw瑟冒it蕛蕦冒蓾蕦nd冒e瑟d蕭蕦stf蓴ldda蕣n蕦nds瑟ns冒蓻晒ke瑟s蕦z蓱晒冒蕦se瑟m冒e瑟d瑟d蕦ntpe瑟蕦t蓻n蕛蕦ntu冒忙tso蕣冒e瑟d蕭蕦st伞晒忙bdw蕦n蕦nd伞o蕣tu冒蓻晒伞o蕣蕦伞o蕣tu冒蓻晒d蓻st蕦ne瑟蕛蕦nzo蕣伞o蕣tu冒蓻晒ho蕣m蕦me瑟bi冒蓻晒蓴f蕦sb蕦t蕦mw蓻n冒蕦m忙n蓾a瑟vdh瑟z蓴f蕦shio蕣p蕦nd冒蕦ke瑟s蕦ndfa蕣nda蕣t冒忙t冒瑟ske瑟sb瑟l蓴艐ztu冒蕦w蕣m蕦n蕦ndw蓻n冒蕦w蕣m蕦nw蓻ntb忙ktuh瑟zho蕣m蕛ifa蕣ndtuh蓾ho蕣m蕦nd蕛ifa蕣nda蕣t冒忙t冒蕦ke瑟sb瑟l蓴艐ztu冒蕦m忙nso蕣冒忙ts蕦m瑟ste瑟k,bwc,m,Chinese,66.3475,l蓴藞艐l蓴藞艐蕦伞o蕣藞瑟n蕦晒瑟藞lib瑟藞ks瑟藞ti忙藞n瑟藞n蕦k蓴藞n蓾蓴fd蕦bj蕣wd瑟艐蕦m忙藞n蕦nd蕦um忙n胃d蕭蕦藞sw蓱藞n蕦伞o蕣藞tu藞d蓻藞晒d忙st蕦ne瑟藞蕛蕦n蕦nde瑟藞bo蕣藞胃k忙藞晒id蕦藞s瑟mke瑟藞s瑟s蕦nb蕦藞s蕦藞d蕦li瑟藞n蕦k蓴藞n蓾d蕦m忙藞n忙藞nd蕦蕣藞m蕦mb蕦藞mptintuw瑟藞胃i藞蕛蓱晒蓾蕦nde瑟藞d蕭蕦藞sfo蕣tda蕣藞n蕦ntsinsd蓻藞晒ke瑟藞s瑟s蓱藞晒蕦藞se瑟藞mde瑟藞d瑟藞d蕦npe瑟藞蕦t蓻藞n蕛蕦nt蕦冒忙藞冒so蕣藞de瑟藞d蕭蕦藞s伞晒忙藞pw蓱n蕦n伞o蕣藞tu冒蓻藞晒ko蕣藞蕦藞伞蓴tu藞冒蓻藞晒d忙st蕦ne瑟藞蕛蕦so蕣藞伞o蕣藞tu藞冒蓻藞ho蕣藞m蕦藞me瑟藞bid蓻藞晒蓴藞f瑟sb蕦藞d蕦藞mw蓻藞nt蕦m蓻n蓾a瑟藞dhi藞s蓴藞f蕦shi藞o蕣藞p蕦nd蕦ke瑟藞s蕦ndf蕦nda蕣藞d忙藞d瑟藞sk蓻sb瑟l蓴藞艐stu藞d蕦um蓻n蕦ndw蓻藞nd蕦藞um蓻nw蓻藞nb忙藞ktu藞hi藞sho蕣藞m蕛i藞f蕦tu藞h蓾h蓴m蕦n蕛i藞f蕦nda蕣藞d忙藞d蕦ke瑟藞sb瑟l蓴藞nstu藞d蕦m蓻so蕣藞d忙藞ts蕦m瑟ste瑟藞k,686,143,444," long ago in a really big city and in a corner of the building, a man and a woman just want to go to their destination and they both carry the same cases. And but suddenly in a corner, the man and the woman bumped into each other and they just fall down. And since their cases are the same, they didn't pay",long long ago in a really big city and in a corner of the building a man and a woman just want to go to their destination and they both carry the same cases and but suddenly in a corner the man and the woman bumped into with each other and they just falled down and since their cases are the same they didnt pay attention to that so they just grabbed one and go to their go uh go to their destinations oh go to their home uh maybe their office but um when the man arrived his office he opened the case and found out that this case belongs to the woman and when the woman went back to his home she found to her home and she found out that the case belongs to the man so thats a mistake,long ago in a really big city and in a corner of the building a man and a woman just want to go to their destination and they both carry the same cases and but suddenly in a corner the man and the woman bumped into each other and they just fall down and since their cases are the same they didnt pay,143,684,0.5664335664335665,0.5628654970760234
dis瑟z蕦his胃蓾ila瑟k瑟th忙p蕦艐in蕦b瑟伞sitim瑟胃p晒蓱v蓹vlinuj蓴晒k蕦s蕦mt瑟艐la瑟d忙td蓻晒蓾tuka瑟n冒s蓴f蓴ha蕣sw蕦艐蕦bi伞蕦b蓱晒m蕦nts蓱蓴晒b瑟l瑟nzf蓴晒b瑟zn瑟s蕦m蕦蓻sm蓴lha蕣s冒蓻晒d蓻sz蕦hist蓾if晒蓴艐w蕦艐m蓻艐蓱艐w蕦艐w瑟m蕦nla瑟kde瑟蕦伞晒蓴si蕛蓴冒蓾in蕦we瑟in冒蕦k蓴晒n蓾蓱nde瑟k蕦nfjusd蓻晒sw瑟tke瑟si蕛蓴冒蓾sla瑟kinst蓻tde瑟k晒蕦蕛i蕛蓴冒蓾蕦艐忙ft晒d蓱tw蓻nde瑟伞蓻tho蕣mde瑟fi伞晒a蕣tla瑟kd蓻晒sit伞we瑟la瑟伞蓻t蓻v晒iw蕦艐瑟n蓴sde瑟d蓻晒瑟d蓻晒晒e瑟lsw瑟tke瑟s蓱nd伞w蓱nt蓱nd蕦m蓻nl蕣k蓱tw蕦n晒蓻d晒e瑟s蕦nde瑟w蕣m蕦n蕦j蓻lo蕣ti蕦nd瑟h蓱p蕦n瑟冒w蓻nd蓻w蓻n冒蕣b瑟b晒蕦晒晒瑟li伞o蕣伞o蕣f晒o蕣msf晒蕦艐s蕦艐w蓻晒蓱nde瑟晒瑟li瑟d蓱s蕦nm蓱蓾b瑟伞蕦z冒蓻do蕣艐w蓱nd忙de瑟w蓱ntit,this is a history like it happened in a big city is probably new york or something like that there are two kinds of of house one a big apartments or buildings for business um a small  house there there's a history from one man and one woman like they across each other in a way in the corner and they confuse their suitcase each other's like instead they crash each other and after that 酶 they get home they figure out like their suitcase like get everyone it not the the real their real suitcase and want and the man look at one red dress and the woman uh yellow tie and it happening when they when the people are really go go from s from somewhere and they really it doesn't matter because they don't want that they want it,冒瑟s瑟z蕦h瑟st蓾ila瑟k瑟th忙p蕦nd瑟n蕦b瑟伞s瑟ti瑟zp晒蓱b蕦blinuj蓴晒k蓴晒s蕦m胃瑟艐la瑟k冒忙t冒蓻晒蓱晒tuka瑟ndz蕦v蕦vha蕣sw蕦n蕦b瑟伞蕦p蓱晒tm蕦nts蓴晒b瑟ld瑟艐zf蓴晒b瑟zn蕦s蕦m蕦sm蓴lha蕣s冒蓻晒冒蓻晒z蕦h瑟st蓾if晒蕦mw蕦nm忙n蕦ndw蕦nw蕣m蕦nla瑟k冒e瑟蕦k晒蓴sit蕛蕦冒蓾瑟n蕦we瑟瑟n冒蕦k蓴晒n蓾蕦nd冒e瑟k蕦nfjuz冒蓻晒sutke瑟sit蕛蕦冒蓾zla瑟k瑟nst蓻d冒e瑟k晒忙蕛it蕛蕦冒蓾蕦nd忙ft蓾冒忙t冒e瑟伞蓻tho蕣m冒e瑟f瑟伞j蓾a蕣tla瑟k冒蓻晒sutke瑟sla瑟k伞蓻t蓻v晒iw蕦n瑟tn蓱t冒蕦冒蕦晒il冒蓻晒晒ilsutke瑟s蕦ndw蓱nt蕦nd冒蕦m忙nl蕣k忙tw蕦n晒蓻dd晒蓻s蕦nd冒蕦w蕣m蕦n蕦j蓻lo蕣ta瑟蕦nd瑟th忙p蕦n瑟艐w蓻n冒e瑟w蓻n冒蕦pip蕦l蓱晒晒瑟li伞o蕣伞o蕣f晒蕦m蓻sf晒蕦ms蕦mw蓻晒蕦nd冒e瑟晒瑟li瑟td蕦z蕦ntm忙t蓾b瑟k蓴z冒e瑟do蕣ntw蓱nt冒忙t冒e瑟w蓱nt瑟t,ebvs,m,Spanish,72.6000625,di藞s瑟藞z蕦hi藞s胃蓾ila瑟藞k瑟藞th忙藞p蕦艐i藞n蕦b瑟藞伞si藞tim瑟胃p晒蓱藞v蓹vlinu藞j蓴藞晒k蕦s蕦藞mt瑟艐la瑟藞d忙藞td蓻藞晒蓾tu藞ka瑟藞n冒s蓴f蓴ha蕣藞sw蕦藞艐蕦bi藞伞蕦b蓱藞晒m蕦nts蓱蓴藞晒b瑟藞l瑟nzf蓴藞晒b瑟藞zn瑟s蕦藞m蕦蓻sm蓴藞lha蕣藞s冒蓻藞晒d蓻藞sz蕦hi藞st蓾if晒蓴艐w蕦藞艐m蓻艐蓱艐w蕦藞艐w瑟藞m蕦nla瑟藞kde瑟藞蕦伞晒蓴藞si藞蕛蓴冒蓾i藞n蕦we瑟藞i藞n冒蕦藞k蓴藞晒n蓾蓱nde瑟藞k蕦nfju藞sd蓻藞晒sw瑟tke瑟藢si藞蕛蓴冒蓾sla瑟藞ki藞nst蓻藞tde瑟藞k晒蕦蕛i藞蕛蓴冒蓾蕦艐忙藞ft晒d蓱tw蓻藞nde瑟藞伞蓻藞tho蕣藞mde瑟藞fi藞伞晒a蕣藞tla瑟藞kd蓻藞晒sit伞we瑟藢la瑟藞伞蓻藞t蓻藞v晒iw蕦藢艐瑟藞n蓴sde瑟d蓻晒瑟d蓻藞晒晒e瑟藞lsw瑟tke瑟藢s蓱nd伞w蓱藞nt蓱nd蕦m蓻nl蕣藞k蓱藞tw蕦藞n晒蓻藞d晒e瑟s蕦nde瑟w蕣藞m蕦n蕦藞j蓻藞lo蕣ti蕦nd瑟藞h蓱p蕦n瑟冒w蓻藞nd蓻w蓻藞n冒蕣b瑟藞b晒蕦晒晒瑟藞li伞o蕣藞伞o蕣藞f晒o蕣msf晒蕦藞艐s蕦藞艐w蓻藢晒蓱nde瑟藞晒瑟藞li瑟d蓱s蕦nm蓱蓾b瑟伞蕦藞z冒蓻do蕣藞艐w蓱藞nd忙藞de瑟藞w蓱藞nti藞t,725,142,474," This is a history like it happened in a big city, probably in New York or something like that. There are two kinds of houses, one big apartment or building for business, a small house there. This is a history from one man and one woman, like they across each other in a way, in a corner, and they confuse their sweet case, each other's, like in",this is a history like it happened in a big city is probably new york or something like that there are two kinds of of house one a big apartments or buildings for business um a small house there theres a history from one man and one woman like they across each other in a way in the corner and they confuse their suitcase each others like instead they crash each other and after that 酶 they get home they figure out like their suitcase like get everyone it not the the real their real suitcase and want and the man look at one red dress and the woman uh yellow tie and it happening when they when the people are really go go from s from somewhere and they really it doesnt matter because they dont want that they want it,this is a history like it happened in a big city probably in new york or something like that there are two kinds of houses one big apartment or building for business a small house there this is a history from one man and one woman like they across each other in a way in a corner and they confuse their sweet case each others like in,142,720,0.6197183098591549,0.5597222222222222
蓹伞e瑟瑟ss瑟mzla瑟k蕦m蕦晒蓻伞ul蓾冒e瑟in瑟mde瑟da蕣nt蓱m蕦f蕦bi伞sitiso蕣蓱tw蕦nk蓴晒n蓾tup蓾s蕦nsd蕭蕦s伞晒蓴si蕛蕦冒蓾忙kt蕛蕦li冒e瑟k晒忙蕛t蓱nkj蕣晒iss瑟艐w蓱sd蓱tit蕛w蕦n蕦vd蓻mw蕦sk蕦晒瑟艐瑟ks忙klide瑟se瑟mka瑟n蓴fb蓱k蕦伞晒i艐w蓱nw瑟t蕛伞蓴l冒蕦nfil蕦m蕦nts蕦ndso蕣de瑟k晒蓱蕛tde瑟伞蓴tk蕦nfjuzde瑟te瑟kd蓻晒b蓱ks蓱n晒瑟t蓾n蓻dtuw蕦t蓻v蓾de瑟w蓾du瑟艐b蓱tw蓻n冒e瑟蓾a瑟v蓱nt蕦冒蓻晒ple瑟z蕦st蕦w蓾k蓴晒h蓴ma瑟d蓹nno蕣de瑟蓴p蕦ndd蕦b蓱k蕦nde瑟di晒i蕦la瑟z冒蓱t瑟w蓱z蕦nt蕦d蓻晒v忙ksde瑟d蕭蕦s伞蓱tdi蕦冒蓾p蓾s蕦nsb蓱伞s蓴a瑟w蓱sw蓴晒if蓴晒h蓾蕦niw蓴ska瑟n蕦ff蓱nif蓴晒himb瑟伞蓴s蕦v冒蕦胃inde瑟f蓱nd瑟n冒蕦b蓱ks,okay it seems like um a regular day in sp in the downtown of a big city so at one corner two persons just cross each other actually they crashed and curious thing was that each one of them was carrying exactly the same kind of bag a green one with golden filaments and so they crashed they got confused they take their bags and returned to whatever they were doing but when they arrive and to their places to work or home i don't know they opened the bag and they did realize that it wasn't uh their bags they just got the other person's bag so i was worried for her and it was kind of funny for him because of the thing they found in the bags,o蕣ke瑟瑟tsimzla瑟k蕦m蕦晒蓻伞j蕦l蓾de瑟瑟nspi瑟n冒蕦da蕣nta蕣n蕦v蕦b瑟伞s瑟tiso蕣忙tw蕦nk蓴晒n蓾tup蓾s蕦nzd蕭蕦stk晒蓴sit蕛蕦冒蓾忙kt蕛蕦w蕦li冒e瑟k晒忙蕛t蕦ndkj蕣晒i蕦s胃瑟艐w蓱z冒忙tit蕛w蕦n蕦v冒蓻mw蓱zk忙晒i瑟艐瑟伞z忙ktli冒蕦se瑟mka瑟nd蕦vb忙伞蕦伞晒inw蕦nw瑟冒伞o蕣ld蕦nf瑟l蕦m蕦nts蕦ndso蕣冒e瑟k晒忙蕛t冒e瑟伞蓱tk蕦nfjuzd冒e瑟te瑟k冒蓻晒b忙伞z蕦nd晒瑟t蓾ndtuw蕦t蓻v蓾冒e瑟w蓾du瑟艐b蕦tw蓻n冒e瑟蓾a瑟v蕦ndtu冒蓻晒ple瑟s蕦ztuw蓾k蓴晒ho蕣ma瑟do蕣ntno蕣冒e瑟o蕣p蕦nd冒蕦b忙伞蕦nd冒e瑟d瑟d晒ila瑟z冒忙t瑟tw蓱z蕦nt蕦冒蓻晒b忙伞z冒e瑟d蕭蕦st伞蓱t冒蕦蕦冒蓾p蓾s蕦nzb忙伞so蕣a瑟w蓱zw蓾idf蓴晒h蓾蕦nd瑟tw蓱zka瑟nd蕦vf蕦nif蓴晒h瑟mb瑟k蓴z蕦v冒蕦胃瑟艐冒e瑟fa蕣nd瑟n冒蕦b忙伞z,erms,m,Spanish,92.5314375,蓹伞e瑟藞瑟ss瑟mzla瑟藞k蕦藞m蕦晒蓻藞伞ul蓾冒e瑟藞i藞n瑟藞mde瑟da蕣nt蓱m蕦f蕦bi藞伞si藞tiso蕣藞蓱tw蕦藞nk蓴藞晒n蓾tu藞p蓾藞s蕦nsd蕭蕦藞s伞晒蓴藞si藞蕛蕦藞冒蓾忙藞kt蕛蕦li冒e瑟藞k晒忙藞蕛t蓱nkj蕣藞晒iss瑟藞艐w蓱藞sd蓱ti藞t蕛w蕦藞n蕦藞vd蓻藞mw蕦藞sk蕦晒瑟艐瑟ks忙藞klide瑟se瑟藞mka瑟藞n蓴fb蓱k蕦伞晒i藞艐w蓱nw瑟藞t蕛伞蓴l冒蕦nfi藞l蕦m蕦nts蕦ndso蕣de瑟藞k晒蓱蕛tde瑟藞伞蓴tk蕦nfju藞zde瑟藞te瑟藞kd蓻藞晒b蓱ks蓱n晒瑟t蓾藞n蓻dtu藞w蕦藢t蓻藞v蓾de瑟w蓾du藞瑟艐b蓱tw蓻藞n冒e瑟藞蓾a瑟藞v蓱nt蕦冒蓻藞晒ple瑟藞z蕦st蕦w蓾k蓴藞晒h蓴ma瑟藞d蓹nno蕣藞de瑟藞蓴p蕦ndd蕦b蓱k蕦nde瑟藞di藞晒i藞蕦la瑟藢z冒蓱t瑟藞w蓱藞z蕦nt蕦藞d蓻藞晒v忙藞ksde瑟藞d蕭蕦藞s伞蓱藞tdi蕦藞冒蓾p蓾藞s蕦nsb蓱伞s蓴a瑟藞w蓱藞sw蓴晒if蓴藞晒h蓾蕦ni藞w蓴藞ska瑟藞n蕦ff蓱nif蓴藞晒hi藞mb瑟伞蓴s蕦藞v冒蕦胃i藞nde瑟藞f蓱nd瑟n冒蕦b蓱ks,643,130,431," Okay, it seems like a regular day in the downtown of big city so at one corner two persons just crossed each other actually they crashed and curious thing was that each one of them was carrying exactly the same kind of bag",okay it seems like um a regular day in sp in the downtown of a big city so at one corner two persons just cross each other actually they crashed and curious thing was that each one of them was carrying exactly the same kind of bag a green one with golden filaments and so they crashed they got confused they take their bags and returned to whatever they were doing but when they arrive and to their places to work or home i dont know they opened the bag and they did realize that it wasnt uh their bags they just got the other persons bag so i was worried for her and it was kind of funny for him because of the thing they found in the bags,okay it seems like a regular day in the downtown of big city so at one corner two persons just crossed each other actually they crashed and curious thing was that each one of them was carrying exactly the same kind of bag,130,640,0.676923076923077,0.6609375
o蕣ke瑟蕦mt蓱mh忙v蕦b瑟sn蕦st晒iptunjuj蓴晒k冒瑟ss蕦nde瑟so蕣hiw蓻nttu蕦d瑟s蕦na瑟sho蕣t蓻l瑟nw蓴lst晒it忙nhiw蕦sle瑟t忙ft蓾hif瑟n瑟蕛th瑟s蕦b瑟sn蕦shiw蕦ss蕦po蕣zt蕦伞o蕣t瑟冒i蓻晒p蓴晒t蓾li瑟nd蕦m蓴晒n瑟艐b蕦thiw蕦sle瑟tf蓴晒d蕦fla瑟tso蕣wa瑟l晒蓱蕛瑟艐tud蕦蓻晒p蓴晒thi蕦晒忙n瑟ntu蕦w蕣m蕦n忙n冒e瑟伞蓱td蕭蕦stk晒忙蕛tt蕣it蕛蕦d蓾忙n冒蓱ns瑟nshiw蕦s瑟n蕦晒蓱蕛hid蕭蕦stp瑟kt蕦phw蕦n蓻sbiksutke瑟s冒忙thid蓴t蓻sh瑟sh瑟so蕣nsksutke瑟shid蕭蕦st晒蓱蕛t瑟冒i蓻晒p蓴晒t忙n冒蓻n忙ft蓾hi伞蓱tt蕦伞蓱tb忙ktuh瑟sho蕣mhi晒i蕦la瑟sd忙thid瑟t蕦mhit蕣kd蕦晒蓴艐w蕦nd蕦晒蓴艐ksutke瑟sb瑟k蕦zd蓻晒w蓱s蕦w蕣m蕦ns瑟n蓾w蓻晒瑟nd蕦sutke瑟s忙nd蓻n冒忙ts冒蕦se瑟mw蕣m蕦n忙ft蓾伞蓱t蕛i伞蓱tb忙kt瑟d蕦ho蕣t蓻l蕛瑟晒i蕦la瑟zd忙t蕛i蓴lso蕣伞蓱td蕦晒蓴艐s蕣tke瑟s,okay um tom have a business trip to new york this sunday so he went to uh this uh nice hotel in wall street and he was late after he finished his uh business he was supposed to go to the airport early in the morning but he was late for the flight so while rushing to the airport he uh ran into a woman and they got just crashed to each other and then since he was in a rush he just picked up one s big suitcase that he thought as his his own sc suitcase he just rushed to the airport and then after he got to got back to his home he realized that he did um he took the wrong one the wrong suitcase because there was a woman's inner wear in the suitcase and then that's the same woman after got she got back to the hotel she realized that she also got the wrong suitcase,o蕣ke瑟蕦mt蓱mh忙v蕦b瑟zn蕦st晒瑟ptunuj蓴晒k冒瑟ss蕦nde瑟so蕣hiw蓻nttu蕦冒瑟s蕦na瑟sho蕣t蓻l瑟nw蓴lst晒it蕦ndhiw蓱zle瑟t忙ft蓾hif瑟n瑟蕛th瑟z蕦b瑟zn蕦shiw蓱zs蕦po蕣zdtu伞o蕣tu冒蕦蓻晒p蓴晒t蓾li瑟n冒蕦m蓴晒n瑟艐b蕦thiw蓱zle瑟tf蓴晒冒蕦fla瑟tso蕣wa瑟l晒蕦蕛瑟艐tu冒蕦蓻晒p蓴晒thi蕦晒忙n瑟ntu蕦w蕣m蕦n蕦nd冒e瑟伞蓱td蕭蕦stk晒忙蕛ttuit蕛蕦冒蓾蕦nd冒蓻ns瑟nshiw蓱z瑟n蕦晒蕦蕛hid蕭蕦stp瑟kt蕦pw蕦n蓻sb瑟伞sutke瑟s冒忙thi胃蓴t忙zh瑟zh瑟zo蕣nsisutke瑟shid蕭蕦st晒蕦蕛ttu冒蕦蓻晒p蓴晒t蕦nd冒蓻n忙ft蓾hi伞蓱ttu伞蓱tb忙ktuh瑟zho蕣mhi晒ila瑟zd冒忙thid瑟d蕦mhit蕣k冒蕦晒蓴艐w蕦n冒蕦晒蓴艐sutke瑟sb瑟k蓴z冒蓻晒w蓱z蕦w蕣m蕦nz瑟n蓾w蓻晒瑟n冒蕦sutke瑟s蕦nd冒蓻n冒忙ts冒蕦se瑟mw蕣m蕦n忙ft蓾伞蓱t蕛i伞蓱tb忙ktu冒蕦ho蕣t蓻l蕛i晒ila瑟zd冒忙t蕛i蓴lso蕣伞蓱t冒蕦晒蓴艐sutke瑟s,hjk,f,Korean,68.6996875,o蕣藢ke瑟藞蕦藞mt蓱藞mh忙藞v蕦b瑟藞sn蕦st晒iptunju藞j蓴藞晒k冒瑟藞ss蕦藞nde瑟藢so蕣藞hi藞w蓻藞nttu藞蕦藞d瑟藞s蕦na瑟藞sho蕣t蓻藞l瑟藞nw蓴藞lst晒i藞t忙藞nhi藞w蕦藞sle瑟藞t忙藞ft蓾hi藞f瑟藞n瑟蕛th瑟藞s蕦藞b瑟藞sn蕦shi藞w蕦藞ss蕦po蕣藞zt蕦伞o蕣藞t瑟冒i蓻藞晒p蓴藢晒t蓾藞li瑟nd蕦藞m蓴藞晒n瑟艐b蕦藞thi藞w蕦藞sle瑟藞tf蓴藞晒d蕦藞fla瑟藞tso蕣藞wa瑟藞l晒蓱藞蕛瑟艐tu藞d蕦蓻藞晒p蓴藢晒thi藞蕦藞晒忙藞n瑟ntu藞蕦w蕣藞m蕦n忙藞n冒e瑟藞伞蓱藞td蕭蕦藞stk晒忙藞蕛tt蕣i藞t蕛蕦藞d蓾忙藞n冒蓱ns瑟藞nshi藞w蕦藞s瑟藞n蕦晒蓱藞蕛hi藞d蕭蕦藞stp瑟藞kt蕦藞phw蕦藞n蓻藞sbi藞ksu藞tke瑟藢s冒忙藞thi藞d蓴藞t蓻sh瑟藞sh瑟藞so蕣藞nsksu藞tke瑟藢shi藞d蕭蕦藞st晒蓱藞蕛t瑟冒i蓻藞晒p蓴藢晒t忙藞n冒蓻藞n忙藞ft蓾hi藞伞蓱藞tt蕦伞蓱藞tb忙藞ktu藞h瑟藞sho蕣藞mhi藞晒i藞蕦la瑟藢sd忙藞thi藞d瑟藞t蕦藞mhi藞t蕣藞kd蕦晒蓴藞艐w蕦藞nd蕦藞晒蓴藞艐ksu藞tke瑟藢sb瑟k蕦zd蓻藞晒w蓱藞s蕦w蕣藞m蕦ns瑟藞n蓾w蓻藞晒瑟nd蕦su藞tke瑟藢s忙藞nd蓻藞n冒忙藞ts冒蕦藞se瑟藞mw蕣藞m蕦n忙藞ft蓾伞蓱藞t蕛i藞伞蓱藞tb忙藞kt瑟d蕦ho蕣t蓻藞l蕛瑟晒i藞蕦la瑟藢zd忙藞t蕛i藞蓴藞lso蕣伞蓱藞td蕦晒蓴藞艐s蕣tke瑟藢s,769,162,523," Okay, Tom had a business trip to New York this Sunday. So he went to this nice hotel in Wall Street and he was late. After he finished his business, he was supposed to go to the airport early in the morning, but he was late for the flight. So while rushing to the airport, he ran into a woman and they got just",okay um tom have a business trip to new york this sunday so he went to uh this uh nice hotel in wall street and he was late after he finished his uh business he was supposed to go to the airport early in the morning but he was late for the flight so while rushing to the airport he uh ran into a woman and they got just crashed to each other and then since he was in a rush he just picked up one s big suitcase that he thought as his his own sc suitcase he just rushed to the airport and then after he got to got back to his home he realized that he did um he took the wrong one the wrong suitcase because there was a womans inner wear in the suitcase and then thats the same woman after got she got back to the hotel she realized that she also got the wrong suitcase,okay tom had a business trip to new york this sunday so he went to this nice hotel in wall street and he was late after he finished his business he was supposed to go to the airport early in the morning but he was late for the flight so while rushing to the airport he ran into a woman and they got just,162,767,0.6111111111111112,0.60625814863103
蕦mo蕣ke瑟瑟nd蕦sidia瑟d瑟艐k蕦md瑟蓹蓾m蓻niska瑟sk晒忙p蓾z蕦nd蕦mt蕦m蓻nik蓹晒zn蓱tso蕣m蓻nik蓱晒z蓹nd蕦晒o蕣t忙n瑟nd蕦k蓴n蓾蕦vd蕦b瑟ldi艐d蕦tupif蕦蓾蓱晒w蓴k瑟艐瑟nt蕦d蕦se瑟md蓾蓻k蕛蕦ns忙nd蓻晒k蓻晒瑟艐d蕦se瑟mk忙晒i蓾a瑟ti艐a瑟m瑟nd蕦sutke瑟sa瑟di艐k蕦mb瑟k蓱zde瑟did蕦n蓱tsi瑟t蕛蕦d蓾de瑟d蕭蕦st蓹b蓴mpt瑟ntu瑟t蕛蕦d蓾忙nd蕦m忙n蕦sp蓻蕛蕦lif蓹晒d蕦m忙nhid晒蓱pt蓻dhizkl忙s瑟z蕦m忙ft蓾b蓴mp瑟艐瑟ntuit蕛蕦d蓾蕦mde瑟s瑟mt蕦h忙b蕦h忙de瑟kb瑟k蓱sd蓻晒瑟sti蕦st蓱晒z伞o蕣瑟艐蓾a蕣ndd蓻晒蓴v蓾d蓻晒h忙ts蕦n忙ft蓾d忙tde瑟s蓻ttud蕭蕦sdia瑟ms蕣晒itu瑟t蕛蕦d蓾忙nd蕦mpik蕦fdi蓻晒蓴nsutke瑟s瑟sb蕦t忙nde瑟d蕭瑟sdih蕦w蓻ntud蓻晒蓴nd蓾蓻k蕛蕦a瑟mind蓹d蓻st蕦ne瑟蕛蕦nzb蕦t忙ft蓾d忙tw蓻nd蕭蕦sttio蕣p蕦nddi蓻晒蕦ms蕣tke瑟s瑟sde瑟fa蕣nda蕣titt瑟sd蕭蕦sde瑟p瑟k蕦pd蓻晒蓴艐s蕣ke瑟sb瑟k蓱zf蓴晒d蕦m忙n瑟nh瑟ss蕣tke瑟sde瑟a瑟minhid蕭瑟sthifa蕣nda蕣td忙t蕦d蕦晒忙d蕦nd蓾w蓻晒w蕦z瑟ndis蕣tke瑟sw蓻晒忙sdid蕦w瑟m蕦nfa蕣nda蕣td忙tinh蓾sutke瑟sd蓻晒w蕦sdi蕦ndij蓻lo蕣st晒a瑟pt蕦n蓻kta瑟瑟nd蕦sutke瑟sso蕣,um okay in the city i think um there are many skyscrapers and um the many cars uh not so many cars on the road and in the corner of the building the two people are walking into the same directions and they're carrying the same carrier i think i mean the suitcase i think um because they did not see each other they just bumped into each other and um and especially for the man he dropped his glasses um after bumping into each other um they seem to have a headache because there is the uh stars going around their over their heads and after that they said to just the i'm sorry to each other and um pick up their own suitcases but and they just did uh went to their own direction i mean their destinations but after that when just they opened their um suitcases they found out it it's just they pick up the wrong suitcase because for the man in his suitcase they i mean he just he found out that uh the red underwear was in the suitcase whereas the the woman found out that in her suitcase there was the um the yellow striped uh necktie in the suitcase so,蕦mo蕣ke瑟瑟n冒蕦s瑟tia瑟胃瑟艐k蕦m冒蓻晒蓱晒m蓻niska瑟sk晒e瑟p蓾z蕦nd蕦m冒蕦m蓻nik蓱晒z蕦n蓱tso蕣m蓻nik蓱晒z蓱n冒蕦晒o蕣d蕦nd瑟n冒蕦k蓴晒n蓾蕦v冒蕦b瑟ld瑟艐冒蕦tupip蕦l蓱晒w蓴k瑟艐瑟ntu冒蕦se瑟md蓾蓻k蕛蕦nz蕦nd冒蓻晒k忙晒i瑟艐冒蕦se瑟mk忙晒i蓾a瑟胃瑟艐ka瑟min冒蕦sutke瑟sa瑟胃瑟艐k蕦mb瑟k蓴z冒e瑟d瑟dn蓱tsiit蕛蕦冒蓾冒e瑟d蕭蕦stb蕦mpt瑟ntuit蕛蕦冒蓾蕦nd蕦m蕦nd蕦sp蓻蕛lif蓴晒冒蕦m忙nhid晒蓱pth瑟z伞l忙s蕦z蕦m忙ft蓾b蕦mp瑟艐瑟ntuit蕛蕦冒蓾蕦m冒e瑟simtuh忙v蕦h蓻de瑟kb瑟k蓴z冒蓻晒瑟z冒蕦蕦st蓱晒z伞o蕣瑟艐蓾a蕣nd冒蓻晒o蕣v蓾冒蓻晒h蓻dz蕦nd忙ft蓾冒忙t冒e瑟s蓻dtud蕭蕦st冒蕦a瑟ms蓱晒ituit蕛蕦冒蓾蕦nd蕦mp瑟k蕦p冒蓻晒o蕣nsutke瑟s瑟zb蕦t蕦nd冒e瑟d蕭蕦std瑟d蕦w蓻nttu冒蓻晒o蕣nd蓾蓻k蕛蕦na瑟min冒蓻晒d蓻st蕦ne瑟蕛蕦nzb蕦t忙ft蓾冒忙tw蓻nd蕭蕦st冒e瑟o蕣p蕦nd冒蓻晒蕦msutke瑟s瑟z冒e瑟fa蕣nda蕣t瑟t瑟tsd蕭蕦st冒e瑟p瑟k蕦p冒蕦晒蓴艐sutke瑟sb瑟k蓴zf蓴晒冒蕦m忙n瑟nh瑟zsutke瑟s冒e瑟a瑟minhid蕭蕦sthifa蕣nda蕣t冒忙t蕦冒蕦晒蓻d蕦nd蓾w蓻晒w蓱z瑟n冒蕦sutke瑟sw蓻晒忙z冒蕦冒蕦w蕣m蕦nfa蕣nda蕣t冒忙t瑟nh蓾sutke瑟s冒蓻晒w蓱z冒蕦蕦m冒蕦j蓻lo蕣st晒a瑟pt蕦n蓻kta瑟瑟n冒蕦sutke瑟sso蕣,hkk,m,Korean,107.0315,蕦藞mo蕣藢ke瑟藞瑟藞nd蕦藞si藞dia瑟藞d瑟藞艐k蕦藞md瑟蓹蓾m蓻藞niska瑟藞sk晒忙p蓾z蕦nd蕦藞mt蕦m蓻藞nik蓹晒zn蓱藞tso蕣m蓻藞nik蓱藞晒z蓹nd蕦晒o蕣t忙藞n瑟nd蕦k蓴藞n蓾蕦vd蕦b瑟藞ldi艐d蕦tu藞pi藞f蕦蓾蓱晒w蓴藞k瑟艐瑟nt蕦d蕦se瑟藞md蓾蓻藞k蕛蕦ns忙藞nd蓻藞晒k蓻藞晒瑟艐d蕦藞se瑟藞mk忙藞晒i蓾a瑟藞ti藞艐a瑟藞m瑟nd蕦su藞tke瑟藢sa瑟藞di藞艐k蕦藞mb瑟k蓱藞zde瑟藞di藞d蕦n蓱藞tsi藞瑟t蕛蕦藞d蓾de瑟藞d蕭蕦藞st蓹b蓴mpt瑟ntu藞瑟t蕛蕦藞d蓾忙藞nd蕦藞m忙藞n蕦sp蓻藞蕛蕦lif蓹晒d蕦m忙藞nhi藞d晒蓱藞pt蓻dhi藞zkl忙藞s瑟z蕦藞m忙藞ft蓾b蓴mp瑟艐瑟ntu藞i藞t蕛蕦藞d蓾蕦藞mde瑟藞s瑟mt蕦h忙藞b蕦h忙de瑟藢kb瑟k蓱藞sd蓻藞晒瑟sti蕦藞st蓱藞晒z伞o蕣藞瑟艐蓾a蕣ndd蓻藞晒蓴v蓾d蓻藞晒h忙ts蕦n忙藞ft蓾d忙藞tde瑟藞s蓻藞ttu藞d蕭蕦藞sdia瑟藞ms蕣晒itu藞瑟t蕛蕦藞d蓾忙藞nd蕦藞mpi藞k蕦藞fdi蓻藞晒蓴nsu藞tke瑟藢s瑟sb蕦藞t忙藞nde瑟藞d蕭瑟sdih蕦藞w蓻藞ntu藞d蓻藞晒蓴nd蓾蓻藞k蕛蕦a瑟藞mi藞nd蓹d蓻藢st蕦ne瑟藞蕛蕦nzb蕦藞t忙藞ft蓾d忙藞tw蓻藞nd蕭蕦藞sttio蕣藞p蕦nddi蓻藞晒蕦藞ms蕣藞tke瑟藢s瑟sde瑟藞fa蕣藞nda蕣藞ti藞tt瑟藞sd蕭蕦藞sde瑟藞p瑟藞k蕦藞pd蓻藞晒蓴藞艐s蕣ke瑟藢sb瑟k蓱藞zf蓴藞晒d蕦藞m忙藞n瑟藞nh瑟藞ss蕣藞tke瑟藢sde瑟藞a瑟藞mi藞nhi藞d蕭瑟sthi藞fa蕣藞nda蕣藞td忙藞t蕦藞d蕦晒忙d蕦藞nd蓾w蓻藢晒w蕦藞z瑟藞ndis蕣藞tke瑟藢sw蓻晒忙藞sdid蕦w瑟藞m蕦nfa蕣藞nda蕣藞td忙藞ti藞nh蓾su藞tke瑟藢sd蓻藞晒w蕦藞sdi蕦藞ndij蓻藞lo蕣st晒a瑟藞pt蕦藞n蓻藞kta瑟藢瑟nd蕦藞su藞tke瑟藢sso蕣藞,1055,209,707," In the city, I think there are many skyscrapers and not so many cars on the road. In the corner of the building, the two people are walking in the same direction. They are carrying the same carrier, I think, the suitcase. Because they did not see each other.",um okay in the city i think um there are many skyscrapers and um the many cars uh not so many cars on the road and in the corner of the building the two people are walking into the same directions and theyre carrying the same carrier i think i mean the suitcase i think um because they did not see each other they just bumped into each other and um and especially for the man he dropped his glasses um after bumping into each other um they seem to have a headache because there is the uh stars going around their over their heads and after that they said to just the im sorry to each other and um pick up their own suitcases but and they just did uh went to their own direction i mean their destinations but after that when just they opened their um suitcases they found out it its just they pick up the wrong suitcase because for the man in his suitcase they i mean he just he found out that uh the red underwear was in the suitcase whereas the the woman found out that in her suitcase there was the um the yellow striped uh necktie in the suitcase so,in the city i think there are many skyscrapers and not so many cars on the road in the corner of the building the two people are walking in the same direction they are carrying the same carrier i think the suitcase because they did not see each other,209,1052,0.784688995215311,0.7642585551330798
so蕣d瑟s瑟zst蓴晒i蕦ba蕣ttup蓾s蕦nsw蕦nfime瑟ww蕦nm蓻whud蕭瑟s蕦wo蕣k蓴nd蕦st晒瑟t蕦nde瑟mitit蕛蕦晒蓾b蕦t忙s蕦d蓻nlide瑟b瑟k蕦pd蕦晒o蕣艐b晒瑟sk蕣n蓻nd蓻晒蓻k蕦na瑟d忙tde瑟me瑟k瑟td晒o蕣艐hw瑟nde瑟伞蓻tho蕣m忙nd忙s瑟ss蓹晒ia瑟mn蓱t,so this is story about two persons one female one male who just uh walk on the street and they meet each other but accidentally they pick up the wrong briefcase and they recognize that they make it wrong when they get home and that's it sorry i'm not,so蕣冒瑟s瑟zst蓴晒i蕦ba蕣ttup蓾s蕦nzw蕦nfime瑟lw蕦nme瑟lhud蕭蕦st蕦w蓴k蓱n冒蕦st晒it蕦nd冒e瑟mitit蕛蕦冒蓾b蕦t忙ks蕦d蓻nt蕦li冒e瑟p瑟k蕦p冒蕦晒蓴艐b晒ifke瑟s蕦nd冒e瑟晒蓻k蕦伞na瑟z冒忙t冒e瑟me瑟k瑟t晒蓴艐w蓻n冒e瑟伞蓻tho蕣m蕦nd冒忙ts瑟ts蓱晒ia瑟mn蓱t,hqtv,m,Vietnamese,27.561625,so蕣d瑟藞s瑟藞zst蓴藞晒i蕦ba蕣藞ttu藞p蓾藞s蕦nsw蕦藞nfi藞me瑟藢ww蕦藞nm蓻藞whu藞d蕭瑟s蕦藞wo蕣k蓴藞nd蕦st晒瑟藞t蕦nde瑟藞miti藞t蕛蕦藞晒蓾b蕦藞t忙藢s蕦d蓻藞nlide瑟藞b瑟藞k蕦藞pd蕦晒o蕣艐b晒瑟sk蕣n蓻nd蓻晒蓻藞k蕦na瑟藢d忙藞tde瑟藞me瑟k瑟td晒o蕣艐hw瑟藞nde瑟藞伞蓻藞tho蕣藞m忙藞nd忙藞s瑟ss蓹晒ia瑟藞mn蓱藞t,250,49,166," So this is a story about two persons, one female and one male, who just walk on the street and they meet each other, but accidentally they pick up the wrong brisket and they recognize that they make it wrong when they get home. And that's... sorry. I'm not",so this is story about two persons one female one male who just uh walk on the street and they meet each other but accidentally they pick up the wrong briefcase and they recognize that they make it wrong when they get home and thats it sorry im not,so this is a story about two persons one female and one male who just walk on the street and they meet each other but accidentally they pick up the wrong brisket and they recognize that they make it wrong when they get home and thats sorry im not,49,248,0.10204081632653061,0.07258064516129033
d蓻蕦jin艐蕦siti蕦w蕣m蓻忙nd蕦m忙n蓱h蓾瑟ntuw蓹kw瑟s蕦b瑟kb忙伞i艐冒j蓻h蓻ndsb蓱t蕦忙t蓾蓱nd蕦k蓴n蓹de瑟k晒忙s蓹t蕦伞蓻冒蓹忙nd蕦l蕦b忙ksi艐冒蓻h忙nsf蓴蓴艐l蕦伞晒蕦艐d蓹冒e瑟蓴f蓴t瑟晒蕦伞晒蓱艐dwi胃wi胃冒蓻h忙nswis冒蓻h蓻ds蕛e瑟k瑟艐蕦m忙n忙f蕦蓹冒忙t冒蕦d蕦m忙nw蓻蓹his伞l忙s瑟s忙nd蕦冒e瑟蕦p蓴d蕭a瑟st蕦i蕛蓱冒蓾f蓴l蕦k晒忙蕛蕦蕦b蕦fa瑟n蕦li冒e瑟sm蓻ltui蕛蓱冒蓹忙nd蕦伞蓻d蕦伞蓻t冒蓻b忙ks忙nd蕦lif蕦忙ft蓹冒e瑟伞蓻th蓴md蕦m忙nf蕦nd蕦d蓻瑟sw蕣m蓻忙l蕦伞蓾lsd晒蓻s瑟si艐冒蕦b忙k忙nd蕦hif蓱n蕦lifi伞j蓹d蓱t蕦冒忙d蓻h忙d蓹swit蕛d蕦b忙伞s蕦忙n蓹m瑟st蓻k蕦艐冒蕦w蕣m蕦sb忙ks忙nd蕦蓴ls蓴冒蕦w蕣m蓾f蓱nd蕦d蓻蓹蓱蓹m蓻sklo蕣sin冒蕦b忙伞蕦蕦l蓴艐ta瑟,the uh in the city a woman and the man are hurrying to work with a big bag in their hands but uh at around the corner they crashed together and the the bags in their hands fall on the ground they all fall to the ground with with their hands with their heads shaking um and after that the the man wear his glasses and they apologize to each other for the crash uh uh but finally they smiled to each other and uh get the get their bags and leave uh after they get home the man find there is woman and the girl's dresses in the bag and uh he finally figured out that they had switched the bags uh and mistaken the woman's bags and uh also the woman found that there are men's clothes in the bag a long time,冒蕦蕦瑟n冒蕦s瑟ti蕦w蕣m蕦n蕦nd冒蕦m忙n蓱晒h蓾i瑟艐tuw蓾kw瑟冒蕦b瑟伞b忙伞瑟n冒蓻晒h忙ndzb蕦t蕦忙t蓾a蕣nd冒蕦k蓴晒n蓾冒e瑟k晒忙蕛tt蕦伞蓻冒蓾蕦nd冒蕦冒蕦b忙伞z瑟n冒蓻晒h忙ndzf蓴l蓱n冒蕦伞晒a蕣nd冒e瑟蓴lf蓴ltu冒蕦伞晒a蕣ndw瑟冒w瑟冒冒蓻晒h忙ndzw瑟冒冒蓻晒h蓻dz蕛e瑟k瑟艐蕦m蕦nd忙ft蓾冒忙t冒蕦冒蕦m忙nw蓻晒h瑟z伞l忙s蕦z蕦nd冒e瑟蕦p蓱l蕦d蕭a瑟ztuit蕛蕦冒蓾f蓴晒冒蕦k晒忙蕛蕦蕦b蕦tfa瑟n蕦li冒e瑟sma瑟ldtuit蕛蕦冒蓾蕦nd蕦伞蓻t冒蕦伞蓻t冒蓻晒b忙伞z蕦ndliv蕦忙ft蓾冒e瑟伞蓻tho蕣m冒蕦m忙nfa瑟nd冒蓻晒瑟zw蕣m蕦n蕦nd冒蕦伞蓾lzd晒蓻s蕦z瑟n冒蕦b忙伞蕦nd蕦hifa瑟n蕦lif瑟伞j蓾da蕣t冒忙t冒e瑟h忙dsw瑟t蕛t冒蕦b忙伞z蕦蕦ndm瑟ste瑟k蕦n冒蕦w蕣m蕦nzb忙伞z蕦nd蕦蓴lso蕣冒蕦w蕣m蕦nfa蕣nd冒忙t冒蓻晒蓱晒m蓻nzklo蕣冒z瑟n冒蕦b忙伞蕦l蓴艐ta瑟m,lxc,f,Chinese,73.1815625,d蓻蕦藞ji藞n艐蕦藞siti蕦w蕣藞m蓻忙藞nd蕦m忙藞n蓱藞h蓾藞瑟ntu藞w蓹kw瑟藞s蕦b瑟藞kb忙藞伞i藞艐冒j蓻藞h蓻ndsb蓱t蕦藞忙藞t蓾蓱nd蕦藞k蓴藞n蓹de瑟藞k晒忙藞s蓹t蕦伞蓻藞冒蓹忙藞nd蕦l蕦b忙藞ksi藞艐冒蓻藞h忙藞nsf蓴藞蓴藞艐l蕦藞伞晒蕦藞艐d蓹冒e瑟藞蓴藞f蓴藞t瑟晒蕦藞伞晒蓱艐dwi胃wi藞胃冒蓻藞h忙藞nswi藞s冒蓻藞h蓻藞ds蕛e瑟藞k瑟艐蕦藞m忙藞n忙藞f蕦蓹冒忙藞t冒蕦藞d蕦m忙藞nw蓻藞蓹hi藞s伞l忙藞s瑟s忙藞nd蕦冒e瑟藞蕦p蓴d蕭a瑟藢st蕦i藞蕛蓱冒蓾f蓴藞l蕦藞k晒忙藞蕛蕦藞蕦藞b蕦藞fa瑟藞n蕦li冒e瑟藞sm蓻ltu藞i藞蕛蓱冒蓹忙藞nd蕦藞伞蓻藞d蕦伞蓻藞t冒蓻藞b忙藞ks忙藞nd蕦li藞f蕦藞忙藞ft蓹冒e瑟藞伞蓻藞th蓴md蕦m忙藞nf蕦nd蕦d蓻藞瑟藞sw蕣藞m蓻忙l蕦伞蓾藞lsd晒蓻藞s瑟si藞艐冒蕦b忙藞k忙藞nd蕦藞hi藞f蓱n蕦lifi藞伞j蓹d蓱t蕦冒忙藞d蓻h忙藞d蓹swi藞t蕛d蕦b忙藞伞s蕦藞忙藞n蓹m瑟藞st蓻k蕦艐冒蕦藞w蕣藞m蕦sb忙藞ks忙藞nd蕦藞蓴藞ls蓴冒蕦w蕣藞m蓾f蓱nd蕦d蓻藞蓹蓱藞蓹m蓻sklo蕣藞si藞n冒蕦b忙藞伞蕦蕦l蓴藞艐ta瑟藞,703,145,426," In a city, a woman and a man are hurrying to work with a big bag in their hands. But at around the corner, they crush it together and the bags in their hands fall on the ground. They all fall to the ground with their hands shaking. And after that, the man wear his glasses",the uh in the city a woman and the man are hurrying to work with a big bag in their hands but uh at around the corner they crashed together and the the bags in their hands fall on the ground they all fall to the ground with with their hands with their heads shaking um and after that the the man wear his glasses and they apologize to each other for the crash uh uh but finally they smiled to each other and uh get the get their bags and leave uh after they get home the man find there is woman and the girls dresses in the bag and uh he finally figured out that they had switched the bags uh and mistaken the womans bags and uh also the woman found that there are mens clothes in the bag a long time,in a city a woman and a man are hurrying to work with a big bag in their hands but at around the corner they crush it together and the bags in their hands fall on the ground they all fall to the ground with their hands shaking and after that the man wear his glasses,145,700,0.6482758620689655,0.63
瑟n蕦b蓻晒ibiksititubip蕦l蕦wum蕦n忙n蕦m忙nw蓾w蓴k瑟n蓱nst晒its蓱d蕦nlide瑟bo蕣胃晒瑟t蕛蕦伞蓴晒n蓾de瑟hit瑟t蕛蓻冒蓾in冒e瑟h蓻tde瑟蓾蕦lit蕦bith蓾d忙nk蕦mfjustk蕣晒i蕦slibo蕣th忙v蓹伞晒insutke瑟sbo蕣胃l蕣kv蓻晒isim蕦l蓾ind蕦m瑟d蕦l蕦vd蕦dist晒蓱k蕛蕦nde瑟d蕭瑟s伞蓻tt蕦伞蓻冒蓾蕦nb蕣tt蕦伞蓻冒蓾忙n冒蓻nit蕛w蕦n蕦v冒蓻mte瑟khw蕦n蕦v冒e瑟sutke瑟s瑟s忙n蕦p蓱l蕦d蕭a瑟s瑟nf蓴晒冒蕦k蓴nfju蕛蕦nde瑟d蕭瑟ss蓻dba瑟it蕛w蕦n蕦v胃蓻mte瑟kd蓻晒o蕣np蓱胃s蓱d蕦nliw蓻nde瑟o蕣p蕦nde瑟s蕣t伞e瑟sde瑟晒i蕦la瑟sd蕦de瑟swit蕛d蕦swt伞忙s瑟ske瑟s瑟sso蕣hi蓻nd蕦dw瑟晒e瑟v蓻晒iwum蕦nf蓻m蕦nin晒蓻bla蕣swa瑟l蕛i蓻nd蕦dw瑟晒蕦j蓻lo蕣ta瑟,in a very big city two people a woman and a man were walking on street suddenly they both reach a corner they hit each other in the head they are a little bit hurt and confused curiously both have uh green suitcase both look very similar in the middle of the distraction they just get together and put together and then each one of them take one of the suitcases and apologizing for the confusion they just said bye each one of them take their own path suddenly when they open the suitcase they realize that they switched the suitcases cases so he ended with a very woman feminine red blouse while she ended with a yellow tie,瑟n蕦v蓻晒ib瑟伞s瑟titupip蕦l蕦w蕣m蕦n蕦nd蕦m忙nw蓾w蓴k瑟艐蓱nst晒its蕦d蕦nli冒e瑟bo蕣胃晒it蕛蕦k蓴晒n蓾冒e瑟h瑟tit蕛蕦冒蓾瑟n冒蕦h蓻d冒e瑟蓱晒蕦l瑟t蕦lb瑟th蓾t蕦ndk蕦nfjuzdkj蕣晒i蕦slibo蕣胃h忙v蕦伞晒insutke瑟sbo蕣胃l蕣kv蓻晒is瑟m蕦l蓾瑟n冒蕦m瑟d蕦l蕦v冒蕦d瑟st晒忙k蕛蕦n冒e瑟d蕭蕦st伞蓻tt蕦伞蓻冒蓾蕦ndp蕣tt蕦伞蓻冒蓾蕦nd冒蓻nit蕛w蕦n蕦v冒蓻mte瑟kw蕦n蕦v冒蕦sutke瑟s瑟z蕦nd蕦p蓱l蕦d蕭a瑟z瑟艐f蓴晒冒蕦k蕦nfju蕭蕦n冒e瑟d蕭蕦sts蓻dba瑟it蕛w蕦n蕦v冒蓻mte瑟k冒蓻晒o蕣np忙胃s蕦d蕦nliw蓻n冒e瑟o蕣p蕦n冒蕦sutke瑟s冒e瑟晒ila瑟z冒忙t冒e瑟sw瑟t蕛t冒蕦sutke瑟s瑟zke瑟s蕦zso蕣hi蓻nd蕦dw瑟冒蕦v蓻晒iw蕣m蕦nf蓻m蕦n蕦n晒蓻dbla蕣swa瑟l蕛i蓻nd蕦dw瑟冒蕦j蓻lo蕣ta瑟,mbmps,f,Spanish,55.4865,瑟藞n蕦b蓻藞晒ibi藞ksi藞titu藞bi藞p蕦l蕦wum蕦n忙藞n蕦m忙藞nw蓾w蓴藞k瑟n蓱藞nst晒i藞ts蓱d蕦nlide瑟藞bo蕣藞胃晒瑟t蕛蕦伞蓴藞晒n蓾de瑟藞hit瑟藞t蕛蓻藞冒蓾i藞n冒e瑟h蓻藞tde瑟藞蓾蕦li藞t蕦bi藞th蓾藞d忙藞nk蕦mfju藞stk蕣藞晒i蕦slibo蕣藞th忙藞v蓹伞晒i藞nsu藞tke瑟藢sbo蕣藞胃l蕣藞kv蓻藞晒isi藞m蕦l蓾i藞nd蕦m瑟藞d蕦l蕦藞vd蕦di藞st晒蓱k蕛蕦nde瑟藞d蕭瑟s伞蓻藞tt蕦伞蓻藞冒蓾蕦nb蕣藞tt蕦伞蓻藞冒蓾忙藞n冒蓻藞ni藞t蕛w蕦藞n蕦v冒蓻藞mte瑟藞khw蕦藞n蕦v冒e瑟su藞tke瑟藢s瑟s忙藞n蕦p蓱藞l蕦d蕭a瑟藢s瑟nf蓴藞晒冒蕦k蓴nfju藞蕛蕦nde瑟藞d蕭瑟ss蓻藞dba瑟藞i藞t蕛w蕦藞n蕦v胃蓻藞mte瑟藞kd蓻藞晒o蕣藞np蓱胃s蓱d蕦nliw蓻藞nde瑟藞o蕣藞p蕦nde瑟s蕣藞t伞e瑟藢sde瑟藞晒i藞蕦la瑟藢sd蕦de瑟藞swi藞t蕛d蕦swt伞忙s瑟ske瑟藞s瑟sso蕣藞hi藞蓻藞nd蕦dw瑟藞晒e瑟藞v蓻藞晒iwum蕦nf蓻藞m蕦nin晒蓻藞bla蕣藞swa瑟藞l蕛i藞蓻藞nd蕦dw瑟藞晒蕦j蓻藞lo蕣ta瑟藞,625,119,438," In a very big city, two people, a woman and a man, were walking on the street. Suddenly they both reached a corner. They hit each other in the head. They are a little bit hurt and confused. Curiously, both have a green suitcase. Both look very similar. In the middle of the distraction, they just get together and put together. And then each one of them takes",in a very big city two people a woman and a man were walking on street suddenly they both reach a corner they hit each other in the head they are a little bit hurt and confused curiously both have uh green suitcase both look very similar in the middle of the distraction they just get together and put together and then each one of them take one of the suitcases and apologizing for the confusion they just said bye each one of them take their own path suddenly when they open the suitcase they realize that they switched the suitcases cases so he ended with a very woman feminine red blouse while she ended with a yellow tie,in a very big city two people a woman and a man were walking on the street suddenly they both reached a corner they hit each other in the head they are a little bit hurt and confused curiously both have a green suitcase both look very similar in the middle of the distraction they just get together and put together and then each one of them takes,119,625,0.47058823529411764,0.4656
蕦mi艐蕦v蓻晒ibjut蕦fu蕦mb瑟ks瑟ti蕦w蕦艐w蕣m蕦n蕦nd蕦w蕦nm忙n蕦w瑟t蕛蕦hu冒蓻bo蕣th蓻ld蓹冒蕦伞晒i艐s蕣ke瑟sm蓻t忙t蕦w蕦艐k蓴n蓾蕦s蓾t蕦nide瑟f蓻wde瑟k晒忙蕛忙tit蕛蕦冒蓾忙nd蕦冒蓻bl蓾nd蕦nd蕦忙nd蕦蓴l冒o蕣冒e瑟蕦t忙ndst忙n蓱p瑟midi蕦ntli忙ns蓻s蓱晒it瑟it蕛蕦冒蓾忙nd蕦冒蓻伞晒忙bd蓻晒s蕣tke瑟s忙nd蕦k蕦nt瑟nju蓱n冒蓻晒we瑟h蓱蓻v蓾w蓻nde瑟蕦伞o蕣b忙t蕦冒蓻晒o蕣艐o蕣艐ha蕣s忙no蕣p蕦nd蕦sutke瑟ss蕦m忙n胃瑟艐k冒忙t蕦d蕦m蓻nfa瑟nd忙tde瑟蕦p蓻kde瑟蕦晒蓴s蕣ke瑟sb瑟k蓴zi艐hiske瑟sd蓻晒瑟sw蕦n晒蓻dd晒蓻s忙nd忙t蕦f蓴d蕦w蕣m蕦n蕛i蕦h蓾sutke瑟s蕦w蓴z蕦j蓻lo蕣ta瑟j忙,um in a very beautiful um big city uh one woman and uh one man uh which uh who they both held the green suitcase met at uh one corner uh certainly they fell they crash at each other and uh they blurred and uh and uh although they uh stand stand up immediately and say sorry to each other and uh they grab their suitcase and uh continue on their way however when they uh go back to their own own house and open the suitcase the man think that uh the man find that they uh picked the uh wrong suitcase because in his case there is one red dress and that uh for the woman she uh her suitcase uh was uh yellow tie yeah,蕦m瑟n蕦v蓻晒ibjut蕦f蕦l蕦mb瑟伞s瑟ti蕦w蕦nw蕣m蕦n蕦nd蕦w蕦nm忙n蕦w瑟t蕛蕦hu冒e瑟bo蕣胃h蓻ld冒蕦伞晒insutke瑟sm蓻t忙t蕦w蕦nk蓴晒n蓾蕦s蓾t蕦nli冒e瑟f蓻l冒e瑟k晒忙蕛忙tit蕛蕦冒蓾蕦nd蕦冒e瑟bl蓾d蕦nd蕦蕦nd蕦蓴l冒o蕣冒e瑟蕦st忙ndst忙nd蕦p瑟midi蕦tli蕦ndse瑟s蓱晒ituit蕛蕦冒蓾蕦nd蕦冒e瑟伞晒忙b冒蓻晒sutke瑟s蕦nd蕦k蕦nt瑟nju蓱n冒蓻晒we瑟ha蕣蓻v蓾w蓻n冒e瑟蕦伞o蕣b忙ktu冒蓻晒o蕣no蕣nha蕣s蕦ndo蕣p蕦n冒蕦sutke瑟s冒蕦m忙n胃瑟艐k冒忙t蕦冒蕦m忙nfa瑟nd冒忙t冒e瑟蕦p瑟kt冒蕦蕦晒蓴艐sutke瑟sb瑟k蓴z瑟nh瑟zke瑟s冒蓻晒瑟zw蕦n晒蓻dd晒蓻s蕦nd冒忙t蕦f蓴晒冒蕦w蕣m蕦n蕛i蕦h蓾sutke瑟s蕦w蓱z蕦j蓻lo蕣ta瑟j忙,ncc,f,Chinese,66.563,蕦藞mi藞艐蕦v蓻藞晒ibju藞t蕦fu蕦藞mb瑟藞ks瑟藞ti蕦藞w蕦藞艐w蕣藞m蕦n蕦nd蕦藞w蕦藞nm忙藞n蕦藞w瑟藞t蕛蕦藞hu藞冒蓻bo蕣藞th蓻藞ld蓹冒蕦伞晒i藞艐s蕣ke瑟藢sm蓻藞t忙藞t蕦藞w蕦藞艐k蓴藞n蓾蕦藞s蓾藞t蕦nide瑟藞f蓻藞wde瑟藞k晒忙藞蕛忙藞ti藞t蕛蕦藞冒蓾忙藞nd蕦藞冒蓻bl蓾藞nd蕦nd蕦藞忙藞nd蕦藞蓴藢l冒o蕣藞冒e瑟藞蕦t忙藞ndst忙藞n蓱p瑟mi藞di蕦ntli忙藞ns蓻s蓱藞晒it瑟i藞t蕛蕦藞冒蓾忙藞nd蕦藞冒蓻伞晒忙藞bd蓻藞晒s蕣tke瑟藢s忙藞nd蕦藞k蕦nt瑟藞nju蓱藞n冒蓻藞晒we瑟藞h蓱蓻藞v蓾w蓻藞nde瑟藞蕦藞伞o蕣藞b忙藞t蕦冒蓻藞晒o蕣藞艐o蕣藞艐ha蕣藞s忙藞no蕣藞p蕦nd蕦su藞tke瑟藢ss蕦m忙藞n胃瑟藞艐k冒忙藞t蕦藞d蕦m蓻nfa瑟藞nd忙藞tde瑟藞蕦藞p蓻kde瑟蕦晒蓴藞s蕣ke瑟藢sb瑟k蓴藞zi藞艐hi藞ske瑟藞sd蓻藞晒瑟藞sw蕦藞n晒蓻藞dd晒蓻藞s忙藞nd忙藞t蕦藞f蓴藞d蕦w蕣藞m蕦n蕛i藞蕦藞h蓾藞su藞tke瑟藢s蕦藞w蓴藞z蕦藞j蓻藞lo蕣ta瑟藞j忙藞,614,128,383," In a very beautiful big city, one woman and one man, who they both held the green suitcase, met at one corner, but certainly they fell, they crashed at each other and they burned. And although they stand up immediately,",um in a very beautiful um big city uh one woman and uh one man uh which uh who they both held the green suitcase met at uh one corner uh certainly they fell they crash at each other and uh they blurred and uh and uh although they uh stand stand up immediately and say sorry to each other and uh they grab their suitcase and uh continue on their way however when they uh go back to their own own house and open the suitcase the man think that uh the man find that they uh picked the uh wrong suitcase because in his case there is one red dress and that uh for the woman she uh her suitcase uh was uh yellow tie yeah,in a very beautiful big city one woman and one man who they both held the green suitcase met at one corner but certainly they fell they crashed at each other and they burned and although they stand up immediately,128,614,0.7109375,0.6677524429967426
蓴a瑟tso蕣w蓱nde瑟ind蕦m蓴ind蓻w蓾tipip蕦lt晒忙vlintu冒蓻晒蕦f忙m蕦le瑟se瑟nde瑟b蓱mpintuit蕛蕦冒蓾蓱de瑟k蓴晒n蓾蓴fd蕦st晒itw瑟nde瑟b蕦mpintuit蕛蓱冒蓾蕦mde瑟h蓻de瑟hitd蓻晒h蓻ds忙ft蓾de瑟晒瑟k蓴v蓾f晒蕦nd蕦b蓱mpde瑟s蓻晒蓱ms蓱晒i忙nde瑟t蕣k冒蓻晒蓴ns蕣tke瑟s瑟s忙nde瑟p蓱晒t蕦dd蓻晒蓴nwa瑟sw蓻nde瑟m忙n伞蓱t瑟冒蓻ho蕣t蓻l忙n蓴p蕦nhissutke瑟shi晒i蕦la瑟z冒忙thih忙dwim蓻nsklo蕣dsw瑟nd蓻伞蕣m蓱n蓴p蓻nh蓾sutke瑟s蓱th蓾ho蕣t蓻l蕛瑟晒i蕦la瑟zd忙蕛ih忙dm蓻nsklo蕣tsw蕦晒h忙dh忙p蕦niz冒忙晒w蓻nd瑟stupip蕦lb蓱mpt瑟tuit蕛蓱冒蓾蓱de瑟k蓴晒n蓾蕦vdist晒itde瑟蓱ksid蓻ntlisw蓱pt冒蓻晒s蕣tke瑟s瑟s忙nd蓻晒f蓴晒de瑟伞蓱td蕦晒蓴ns蕣tke瑟s,alright so one day in the morning there were two people traveling to their uh families and they bump into each other at the corner of the street when they bump into each other um they hea they hit their heads after they recover from the bump they said i'm sorry and they took their own suitcases and they parted their own ways when the man got to the hotel and opened his suitcase he realized that he had women's clothes when the woman opened her suitcase at her hotel she realized that she had men's clothes what had happened is that when these two people bumped into each other at the corner of the street they accidentally swapped their suitcases and therefore they got the wrong suitcase,蓴l晒a瑟tso蕣w蕦nde瑟瑟n冒蕦m蓴晒n瑟艐冒蓻晒w蓾tupip蕦lt晒忙v蕦l瑟艐tu冒蓻晒蕦f忙m蕦liz蕦nd冒e瑟b蕦mp瑟ntuit蕛蕦冒蓾忙t冒蕦k蓴晒n蓾蕦v冒蕦st晒itw蓻n冒e瑟b蕦mp瑟ntuit蕛蕦冒蓾蕦m冒e瑟hi冒e瑟h瑟t冒蓻晒h蓻dz忙ft蓾冒e瑟晒瑟k蕦v蓾f晒蕦m冒蕦b蕦mp冒e瑟s蓻da瑟ms蓱晒i蕦nd冒e瑟t蕣k冒蓻晒o蕣nsutke瑟s瑟z蕦nd冒e瑟p蓱晒t蕦d冒蓻晒o蕣nwe瑟zw蓻n冒蕦m忙n伞蓱ttu冒蕦ho蕣t蓻l蕦ndo蕣p蕦ndh瑟zsutke瑟shi晒ila瑟zd冒忙thih忙dw瑟m蕦nzklo蕣冒zw蓻n冒蕦w蕣m蕦no蕣p蕦ndh蓾sutke瑟s忙th蓾ho蕣t蓻l蕛i晒ila瑟zd冒忙t蕛ih忙dm蓻nzklo蕣冒zw蕦th忙dh忙p蕦nd瑟z冒忙tw蓻n冒iztupip蕦lb蕦mpt瑟ntuit蕛蕦冒蓾忙t冒蕦k蓴晒n蓾蕦v冒蕦st晒it冒e瑟忙ks蕦d蓻nt蕦lisw蓱pt冒蓻晒sutke瑟s瑟z蕦nd冒蓻晒f蓴晒冒e瑟伞蓱t冒蕦晒蓴艐sutke瑟s,njs,f,Spanish,60.6205,蓴藢a瑟藞tso蕣藞w蓱nde瑟藞i藞nd蕦m蓴藞i藞nd蓻藞w蓾藞tipi藞p蕦lt晒忙藞vli藞ntu藞冒蓻藞晒蕦藞f忙藞m蕦le瑟se瑟nde瑟藞b蓱mpi藞ntui藞t蕛蕦藞冒蓾蓱de瑟k蓴藞晒n蓾蓴fd蕦st晒i藞tw瑟藞nde瑟藞b蕦藞mpi藞ntui藞t蕛蓱冒蓾蕦藞mde瑟藞h蓻藞de瑟藞hi藞td蓻藞晒h蓻藞ds忙藞ft蓾de瑟藞晒瑟k蓴v蓾f晒蕦藞nd蕦b蓱mpde瑟藞s蓻藞晒蓱ms蓱藞晒i忙藞nde瑟藞t蕣藞k冒蓻藞晒蓴ns蕣tke瑟藢s瑟s忙藞nde瑟藞p蓱藞晒t蕦dd蓻藞晒蓴nwa瑟藞sw蓻藞nde瑟m忙藞n伞蓱藞t瑟冒蓻ho蕣t蓻藞l忙藞n蓴p蕦nhi藞ssu藞tke瑟藢shi藞晒i藞蕦la瑟藢z冒忙藞thi藞h忙藞dwim蓻nsklo蕣藞dsw瑟藞nd蓻伞蕣藞m蓱n蓴p蓻nh蓾藞su藞tke瑟藢s蓱th蓾ho蕣t蓻藞l蕛瑟晒i藞蕦la瑟藢zd忙藞蕛i藞h忙藞dm蓻藞nsklo蕣藞tsw蕦藞晒h忙藞dh忙藞p蕦ni藞z冒忙藞晒w蓻藞nd瑟stu藞pi藞p蕦lb蓱mpt瑟tu藞i藞t蕛蓱冒蓾蓱de瑟k蓴藞晒n蓾蕦藞vdist晒i藞tde瑟藞蓱ksid蓻藞ntlisw蓱藞pt冒蓻藞晒s蕣藞tke瑟藢s瑟s忙藞nd蓻藞晒f蓴藢晒de瑟藞伞蓱藞td蕦晒蓴藞ns蕣藞tke瑟藢s,691,128,450," One day in the morning, there were two people traveling to their families and they bumped into each other at the corner of the street. When they bumped into each other, they hit their heads. After they recovered from the bump, they said ""I'm sorry"" and they took their own suitcase",alright so one day in the morning there were two people traveling to their uh families and they bump into each other at the corner of the street when they bump into each other um they hea they hit their heads after they recover from the bump they said im sorry and they took their own suitcases and they parted their own ways when the man got to the hotel and opened his suitcase he realized that he had womens clothes when the woman opened her suitcase at her hotel she realized that she had mens clothes what had happened is that when these two people bumped into each other at the corner of the street they accidentally swapped their suitcases and therefore they got the wrong suitcase,one day in the morning there were two people traveling to their families and they bumped into each other at the corner of the street when they bumped into each other they hit their heads after they recovered from the bump they said im sorry and they took their own suitcase,128,688,0.625,0.6206395348837209
so蕣蕦m瑟n蕦v蓻晒ib瑟ks瑟ti蕦mdupipo蕣w蕦m蕦m忙n忙nd蕦wub蕦nw蕦k蓻晒i瑟艐蕦m冒蓻蓹s蕣tke瑟s瑟zhw瑟t蕛蓱b蓴胃伞晒in忙n蕦mw瑟t蕛l蕣ktv蓻晒isim蕦l蕦蕦mha蕣蓻v蕦忙z冒e瑟w蕦k晒蓴s瑟艐k蕦m瑟tw蕦zk蓴n蓾瑟艐蕦m冒e瑟b蕦md瑟ntu瑟t蕛蕦冒蕦蕦m忙n冒蓻n冒e瑟蕦mp瑟kt蕦p冒蓻蓴ns蕣ke瑟s忙nw蓻nts蓻p晒蕦twe瑟z蓱ft蕦冒忙t蓱ft蕦冒蕦m蓻n蕦k蓻mb忙tuh瑟zho蕣t蓻lhif蓱n冒a蕣冒忙th瑟zs蕣tke瑟sk蕦nte瑟nd蕦mw瑟m蕦nd蕦mklo蕣z忙k蕛蕦li蕦晒蓻dd晒蓻s蓱vi蕦sli蕦m冒忙tsutke瑟sw蕦zn蓱th瑟z忙nsim蕦l蕦li冒蕦w瑟m蕦nfa蕣nda蕣冒忙t蕦蕛ih忙t蕦ta瑟瑟nhs蕣tke瑟sso蕣蕦mso蕣冒e瑟pikt蕦p冒蕦晒蓴艐sutke瑟s,so um in a very big city um two people um ` a man and a woman were carrying um their suitcases which are both green and um which looked very similar um however as they were crossing um it was cornering um they bumped into each other um and then they um picked up their own suitcase and went separate ways after that after the man uh came back to his hotel he found out that his suitcase contained um women um clothes actually a red dress obviously um that suitcase was not his and similarly the woman found out that uh she had a tie in her suitcase so um so they picked up the wrong suitcase,so蕣蕦m瑟n蕦v蓻晒ib瑟伞s瑟ti蕦mtupip蕦l蕦m蕦m忙n蕦nd蕦w蕣m蕦nw蓾k忙晒i瑟艐蕦m冒蓻晒sutke瑟s瑟zw瑟t蕛蓱晒bo蕣胃伞晒in蕦nd蕦mw瑟t蕛l蕣ktv蓻晒is瑟m蕦l蓾蕦mha蕣蓻v蓾忙z冒e瑟w蓾k晒蓴s瑟艐蕦m瑟tw蓱zk蓴晒n蓾瑟艐蕦m冒e瑟b蕦mpt瑟ntuit蕛蕦冒蓾蕦m蕦nd冒蓻n冒e瑟蕦mp瑟kt蕦p冒蓻晒o蕣nsutke瑟s蕦ndw蓻nts蓻p蓾瑟twe瑟z忙ft蓾冒忙t忙ft蓾冒蕦m忙n蕦ke瑟mb忙ktuh瑟zho蕣t蓻lhifa蕣nda蕣t冒忙th瑟zsutke瑟sk蕦nte瑟nd蕦mw瑟m蕦n蕦mklo蕣冒z忙kt蕛蕦w蕦li蕦晒蓻dd晒蓻s蓱bvi蕦sli蕦m冒忙tsutke瑟sw蓱zn蓱th瑟z蕦nds瑟m蕦l蓾li冒蕦w蕣m蕦nfa蕣nda蕣t冒忙t蕦蕛ih忙d蕦ta瑟瑟nh蓾sutke瑟sso蕣蕦mso蕣冒e瑟p瑟kt蕦p冒蕦晒蓴艐sutke瑟s,pnv,f,Vietnamese,71.237125,so蕣藞蕦藞m瑟藞n蕦v蓻藞晒ib瑟藞ks瑟藞ti蕦藞mdu藞pi藞po蕣w蕦藞m蕦m忙藞n忙藞nd蕦wub蕦nw蕦k蓻藞晒i瑟艐蕦藞m冒蓻藞蓹s蕣藞tke瑟藢s瑟zhw瑟藞t蕛蓱藞b蓴胃伞晒i藞n忙藞n蕦藞mw瑟藞t蕛l蕣藞ktv蓻藞晒isi藞m蕦l蕦蕦藞mha蕣藢蓻藞v蕦忙藞z冒e瑟藞w蕦k晒蓴藞s瑟艐k蕦藞m瑟tw蕦藞zk蓴藞n蓾瑟艐蕦藞m冒e瑟藞b蕦藞md瑟ntu藞瑟藞t蕛蕦藞冒蕦蕦藞m忙藞n冒蓻藞n冒e瑟藞蕦藞mp瑟藞kt蕦藞p冒蓻藞蓴ns蕣藞ke瑟藢s忙藞nw蓻藞nts蓻藞p晒蕦twe瑟藞z蓱藞ft蕦冒忙藞t蓱ft蕦冒蕦m蓻n蕦藞k蓻mb忙藞tu藞h瑟藞zho蕣t蓻藞lhi藞f蓱藞n冒a蕣藞冒忙藞th瑟藞zs蕣藞tke瑟藢sk蕦nte瑟藞nd蕦藞mw瑟藞m蕦nd蕦藞mklo蕣藞z忙藞k蕛蕦li蕦晒蓻藞dd晒蓻藞s蓱藞vi蕦sli蕦藞m冒忙藞tsu藞tke瑟藢sw蕦zn蓱藞th瑟藞z忙藞nsi藞m蕦l蕦li冒蕦w瑟m蕦nfa蕣藞nda蕣冒忙藞t蕦藞蕛i藞h忙藞t蕦ta瑟藞瑟藞nhs蕣藞tke瑟藢sso蕣藞蕦藞mso蕣藞冒e瑟藞pi藞kt蕦藞p冒蕦晒蓴藞艐su藞tke瑟藢s,591,119,394," So in a very big city, two people, a man and a woman, were carrying their suitcases, which both green and which looked very similar. However, as they were crossing, they were cornering, they bumped into each other.",so um in a very big city um two people um a man and a woman were carrying um their suitcases which are both green and um which looked very similar um however as they were crossing um it was cornering um they bumped into each other um and then they um picked up their own suitcase and went separate ways after that after the man uh came back to his hotel he found out that his suitcase contained um women um clothes actually a red dress obviously um that suitcase was not his and similarly the woman found out that uh she had a tie in her suitcase so um so they picked up the wrong suitcase,so in a very big city two people a man and a woman were carrying their suitcases which both green and which looked very similar however as they were crossing they were cornering they bumped into each other,118,589,0.6949152542372882,0.6621392190152802
s蓴a瑟si蓹蕦b瑟zinuj蓴ks瑟tid蓻蓴nd蕦m蕦nd蓻忙nd蕦tup瑟p蕦l蓱ft蓹d蓻晒b瑟伞ve瑟ke瑟蕛蕦nk蕦m瑟艐b忙kt蕦d蕦nuj蓴k忙nw蓴k瑟艐瑟nd蕦b蓱k瑟艐蕦l蓴td蓻d蓴nsiit蕛蓻d蓹n瑟蓹d蕦b蓻wm蕦nt忙nde瑟d蕭蕦stk蓴la瑟d蓱ft蕦冒忙d蓻晒t晒a瑟瑟nt蕣蕦d蕭蓻zd蓻晒kl蓴z忙nd蓹l蓻t蓾蓱ft蓹se瑟瑟艐s蓴晒ituit蕛蕦冒蕦de瑟d蓻d蓻晒b忙ks忙n伞蓴蕦v蓻瑟tsimsb蓴t蕦vd蓻晒b忙kz蓱晒蕦vse瑟mk蓴l蓾忙nds蓻mb忙t蕦ns蓴蓱ft蓾伞u瑟艐h蓴mde瑟t蕛蓻kd蕦kl蓴ts瑟nsa瑟dd蕦b忙忙n瑟tsimsd蓻晒b忙ks蓱晒蓻kst蕛e瑟n蕭n蓴s蓴d蓻v蕦z蕦m瑟sk蕦mun蕦ke瑟蕛蕦m瑟s蕦nd蓹st忙nd瑟艐wa瑟lt蓻蕦b瑟k瑟艐蕦pd蕦b忙ks,so i see a busy new york city day on the monday and uh two people after their big vacation coming back to the new york and walking in the parking uh lot they don't see each other near the pavement and they just collide after that they're trying to adjust their clothes and later after saying sorry to each other they take their bags and go away it seems both of their bags are of same color and same pattern so after going home they check the clothes inside the bag and it seems their bags are exchanged now so there was a miscommunication misunderstanding while ta uh picking up the bags,so蕣a瑟si蕦b瑟zinuj蓴晒ks瑟tide瑟蓱n冒蕦m蕦ndi蕦nd蕦tupip蕦l忙ft蓾冒蓻晒b瑟伞ve瑟ke瑟蕛蕦nk蕦m瑟艐b忙ktu冒蕦nuj蓴晒k蕦ndw蓴k瑟艐瑟n冒蕦p蓱晒k瑟艐蕦l蓱t冒e瑟do蕣ntsiit蕛蕦冒蓾n瑟晒冒蕦pe瑟vm蕦nt蕦nd冒e瑟d蕭蕦stk蕦la瑟d忙ft蓾冒忙t冒蓻晒t晒a瑟瑟艐tu蕦d蕭蕦st冒蓻晒klo蕣冒z蕦ndle瑟t蓾忙ft蓾se瑟瑟艐s蓱晒ituit蕛蕦冒蓾冒e瑟te瑟k冒蓻晒b忙伞z蕦nd伞o蕣蕦we瑟瑟tsimzbo蕣胃蕦v冒蓻晒b忙伞z蓱晒蕦vse瑟mk蕦l蓾蕦ndse瑟mp忙t蓾nso蕣忙ft蓾伞o蕣瑟艐ho蕣m冒e瑟t蕛蓻k冒蕦klo蕣冒z瑟nsa瑟d冒蕦b忙伞蕦nd瑟tsimz冒蓻晒b忙伞z蓱晒瑟kst蕛e瑟nd蕭dna蕣so蕣冒蓻晒w蓱z蕦m瑟sk蕦mjun蕦ke瑟蕛蕦nm瑟s蕦nd蓾st忙nd瑟艐wa瑟lt蓱蕦p瑟k瑟艐蕦p冒蕦b忙伞z,rrbi,m,Hindi,53.967875,s蓴藞a瑟藞si藞蓹蕦b瑟藞zinu藞j蓴藞ks瑟藞tid蓻蓴藞nd蕦m蕦藞nd蓻忙藞nd蕦藞tu藞p瑟p蕦l蓱ft蓹d蓻藞晒b瑟藞伞ve瑟ke瑟藞蕛蕦nk蕦藞m瑟艐b忙藞kt蕦d蕦nu藞j蓴藞k忙藞nw蓴藞k瑟艐瑟nd蕦藞b蓱藞k瑟艐蕦藞l蓴藞td蓻d蓴nsi藞i藞t蕛蓻d蓹n瑟藞蓹d蕦藞b蓻wm蕦nt忙藞nde瑟藞d蕭蕦藞stk蓴la瑟藞d蓱ft蕦冒忙藞d蓻藞晒t晒a瑟藞瑟nt蕣蕦d蕭蓻藞zd蓻藞晒kl蓴z忙藞nd蓹l蓻t蓾蓱ft蓹se瑟藞瑟艐s蓴晒itu藞i藞t蕛蕦藞冒蕦de瑟藞d蓻d蓻藞晒b忙藞ks忙藞n伞蓴蕦v蓻瑟藞tsi藞msb蓴t蕦藞vd蓻藞晒b忙藞kz蓱藞晒蕦藞vse瑟藞mk蓴藞l蓾忙藞nds蓻mb忙藞t蕦ns蓴蓱ft蓾伞u藞瑟艐h蓴mde瑟藞t蕛蓻藞kd蕦藞kl蓴ts瑟nsa瑟藞dd蕦b忙藞忙藞n瑟tsi藞msd蓻藞晒b忙藞ks蓱藞晒蓻kst蕛e瑟藞n蕭n蓴藞s蓴d蓻藞v蕦藞z蕦m瑟sk蕦mu藢n蕦ke瑟藞蕛蕦m瑟藢s蕦nd蓹st忙藞nd瑟艐wa瑟藞lt蓻蕦藞b瑟藞k瑟艐蕦藞pd蕦b忙藞ks,588,113,379," So I see a busy New York CT day on the Monday and two people after their big vacation coming back to the New York and walking in the parking lot. They don't see each other near the pavement and they just collide. After that they are trying to adjust their clothes and later after saying sorry to each other, they take their bags",so i see a busy new york city day on the monday and uh two people after their big vacation coming back to the new york and walking in the parking uh lot they dont see each other near the pavement and they just collide after that theyre trying to adjust their clothes and later after saying sorry to each other they take their bags and go away it seems both of their bags are of same color and same pattern so after going home they check the clothes inside the bag and it seems their bags are exchanged now so there was a miscommunication misunderstanding while ta uh picking up the bags,so i see a busy new york ct day on the monday and two people after their big vacation coming back to the new york and walking in the parking lot they dont see each other near the pavement and they just collide after that they are trying to adjust their clothes and later after saying sorry to each other they take their bags,113,586,0.4690265486725664,0.4539249146757679
so蕣d蓻晒瑟ss蕦mb瑟ks瑟tiw瑟tb瑟伞b蕣l瑟艐ks忙nd蕦m忙n蕦ndw蕣m蕦n蓱晒w蓴k瑟艐p忙stit蕛蕦冒蓾k蓻晒i瑟艐a瑟d蓻nt瑟k蕦ll蕦伞瑟d蕭忙nde瑟hitit蕛蕦冒蓾f蓴ld蓴np蓴l蓹l蓻st蓹it蕛蕦冒蓾忙nte瑟d蓻晒蓴n晒蓻sp蓻ktuwl蕦伞瑟z蕦s蕦nst蓱tw蓴k瑟艐冒蓻晒it蕛hum蓴nlitu晒瑟la瑟sd蕦d忙忙ktlit蕣胃蕦蕦冒蓹p蓹s蕦nsl蕦伞蓻t蕛d蕦m忙nst蓱晒tssi艐d蕦蕣m蕦nsklo蕣胃s瑟nd蕦sutk蓻s蓻nd蕦蕣m蕦nst蓱tssi艐d蕦m忙nsklo蕣s,so there is some big city with big buildings and a man and a woman are walking past each other carrying identical luggage and they hit each other fall down fall next to each other and take their own respective luggages and start walking they reach home only to realize that they actually took the other person's luggage the man starts seeing the woman's clothes in the suitcase and the woman starts seeing the man's clothes,so蕣冒蓻晒瑟zs蕦mb瑟伞s瑟tiw瑟冒b瑟伞b瑟ld瑟艐z蕦nd蕦m忙n蕦nd蕦w蕣m蕦n蓱晒w蓴k瑟艐p忙stit蕛蕦冒蓾k忙晒i瑟艐a瑟d蓻nt瑟k蕦ll蕦伞蕦d蕭蕦nd冒e瑟h瑟tit蕛蕦冒蓾f蓴lda蕣nf蓴ln蓻ksttuit蕛蕦冒蓾蕦ndte瑟k冒蓻晒o蕣n晒瑟sp蓻kt瑟vl蕦伞蕦d蕭瑟z蕦ndst蓱晒tw蓴k瑟艐冒e瑟晒it蕛ho蕣mo蕣nlitu晒ila瑟z冒忙t冒e瑟忙kt蕛蕦w蕦lit蕣k冒蕦蕦冒蓾p蓾s蕦nzl蕦伞蕦d蕭冒蕦m忙nst蓱晒tssi瑟艐冒蕦w蕣m蕦nzklo蕣冒z瑟n冒蕦sutke瑟s蕦nd冒蕦w蕣m蕦nst蓱晒tssi瑟艐冒蕦m忙nzklo蕣冒z,svbi,f,Hindi,29.604125,so蕣藞d蓻藞晒瑟ss蕦藞mb瑟藞ks瑟藞tiw瑟tb瑟藞伞b蕣藞l瑟艐ks忙藞nd蕦m忙藞n蕦ndw蕣藞m蕦n蓱藞晒w蓴藞k瑟艐p忙藞sti藞t蕛蕦藞冒蓾k蓻藞晒i瑟艐a瑟d蓻藞nt瑟k蕦ll蕦藞伞瑟d蕭忙藞nde瑟藞hi藞ti藞t蕛蕦藞冒蓾f蓴藞ld蓴藞np蓴藞l蓹l蓻藞st蓹i藞t蕛蕦藞冒蓾忙藞nte瑟藞d蓻藞晒蓴n晒蓻sp蓻藞ktuwl蕦藞伞瑟z蕦s蕦nst蓱藞tw蓴藞k瑟艐冒蓻晒i藞t蕛hu藞m蓴nlitu藞晒瑟藞la瑟藢sd蕦d忙忙藞ktlit蕣藞胃蕦藞蕦藞冒蓹p蓹s蕦nsl蕦藞伞蓻t蕛d蕦m忙藞nst蓱藞晒tssi藞艐d蕦蕣藞m蕦nsklo蕣藞胃s瑟nd蕦藞su藞tk蓻s蓻nd蕦蕣藞m蕦nst蓱藞tssi藞艐d蕦m忙藞nsklo蕣藞s,423,76,270," So there is some big city with big buildings and a man and woman are walking past each other carrying identical luggage and they hit each other, fall down, apologize to each other and take their own respective luggage and start walking. They reach home only to realize that they actually took the other person's luggage. The man starts seeing the woman's clothes in the suitcase and the woman starts seeing the man's clothes.",so there is some big city with big buildings and a man and a woman are walking past each other carrying identical luggage and they hit each other fall down fall next to each other and take their own respective luggages and start walking they reach home only to realize that they actually took the other persons luggage the man starts seeing the womans clothes in the suitcase and the woman starts seeing the mans clothes,so there is some big city with big buildings and a man and woman are walking past each other carrying identical luggage and they hit each other fall down apologize to each other and take their own respective luggage and start walking they reach home only to realize that they actually took the other persons luggage the man starts seeing the womans clothes in the suitcase and the woman starts seeing the mans clothes,76,420,0.05263157894736842,0.02619047619047619
s蓴冒瑟s瑟s蕦ha瑟b瑟wd瑟艐瑟nd瑟w蓴sb瑟zi瑟f冒e瑟w蕦k忙nde瑟wum蕦n忙n蕦me瑟n冒e瑟t蕛瑟st蕦n瑟i瑟nd蕦k蓴n蓹忙nd蓹p蕦mb瑟ti蕛蓴冒蓻so蕣冒蓻瑟s蓹l瑟t蕦b瑟t蕛v蓻晒ih蓱晒tu晒蓻k蕦na瑟z瑟n冒忙d蕦v冒蓻suke瑟s瑟sit蕛e瑟nt蕦伞蓻冒蕦忙n伞w蓻nte瑟d蕭蕦st晒蓻k蕦na瑟w瑟n冒e瑟伞蓱th蓴mso蕣d蕦me瑟ndo蕣v蕦nd蕦sutke瑟wa蕣w蕦冒冒忙s冒忙t蕦wum蕦n伞lo蕣s忙n冒蕦se瑟mw瑟冒冒蕦w蕣m蓱n,so this is a high building and it was busy if their work and the woman and a man they just turned in the corner and then bumped each other so there is little bit very hard to recognizing that the their suitcase is exchanged together and when they just recognize when they got home so the man opened the suitcase wow what this that a woman clothes and the same with the woman,so蕣冒瑟s瑟z蕦ha瑟b瑟ld瑟艐蕦nd瑟tw蓱zb瑟zi瑟f冒蓻晒w蓾k蕦nd冒蕦w蕣m蕦n蕦nd蕦m忙n冒e瑟d蕭蕦stt蓾nd瑟n冒蕦k蓴晒n蓾蕦nd冒蓻nb蕦mptit蕛蕦冒蓾so蕣冒蓻晒瑟zl瑟t蕦lb瑟tv蓻晒ih蓱晒dtu晒蓻k蕦伞na瑟z瑟艐冒忙t冒蕦冒蓻晒sutke瑟s瑟z瑟kst蕛e瑟nd蕭dt蕦伞蓻冒蓾蕦ndw蓻n冒e瑟d蕭蕦st晒蓻k蕦伞na瑟zw蓻n冒e瑟伞蓱tho蕣mso蕣冒蕦m忙no蕣p蕦nd冒蕦sutke瑟swa蕣w蕦t冒瑟s冒忙t蕦w蕣m蕦nklo蕣冒z蕦nd冒蕦se瑟mw瑟冒冒蕦w蕣m蕦n,thv,f,Vietnamese,34.3913125,s蓴冒瑟藞s瑟藞s蕦ha瑟藞b瑟藞wd瑟艐瑟藞nd瑟w蓴藞sb瑟藞zi瑟f冒e瑟w蕦藞k忙藞nde瑟wu藞m蕦n忙藞n蕦me瑟藞n冒e瑟藞t蕛瑟st蕦n瑟i瑟藞nd蕦k蓴藞n蓹忙藞nd蓹p蕦藞mb瑟ti藞蕛蓴冒蓻so蕣藞冒蓻藞瑟s蓹l瑟藞t蕦b瑟藞t蕛v蓻藞晒ih蓱晒tu藞晒蓻藞k蕦na瑟藢z瑟n冒忙藞d蕦v冒蓻藞su藞ke瑟藢s瑟藞sit蕛e瑟藞nt蕦伞蓻藞冒蕦忙藞n伞w蓻nte瑟藞d蕭蕦藞st晒蓻藞k蕦na瑟藢w瑟藞n冒e瑟藞伞蓱藞th蓴mso蕣藞d蕦me瑟ndo蕣藞v蕦nd蕦su藞tke瑟藢wa蕣藞w蕦藞冒冒忙s冒忙藞t蕦wu藞m蕦n伞lo蕣藞s忙藞n冒蕦se瑟藞mw瑟藞冒冒蕦w蕣藞m蓱n,374,74,247," So this is a high building and people are busy if they work. And the woman and the man, they just turn it in the corner and they pump it each other. So there's a little bit very hard to recognize in that their suitcase is each end together. And when they just recognize when they got home, so the man over the suitcase, ""Wow, what the?""",so this is a high building and it was busy if their work and the woman and a man they just turned in the corner and then bumped each other so there is little bit very hard to recognizing that the their suitcase is exchanged together and when they just recognize when they got home so the man opened the suitcase wow what this that a woman clothes and the same with the woman,so this is a high building and people are busy if they work and the woman and the man they just turn it in the corner and they pump it each other so theres a little bit very hard to recognize in that their suitcase is each end together and when they just recognize when they got home so the man over the suitcase wow what the,74,374,0.36486486486486486,0.24331550802139038
so蕣瑟n蕦蕦b瑟ks瑟tid蓻蓻s蕦m忙n蕦n蕦wum蕦nhuw蓴k瑟nn蓱n冒蕦t晒瑟s忙nde瑟s蕦晒蕦li蕦mh瑟ts瑟t蕛蕦晒晒蓹忙t蕦k蓱n蓾蕦v蕦b瑟wd瑟艐蕦m忙nn蓻nde瑟de瑟k蕦nt瑟njuw蓴k瑟nw瑟td蓻蓹s蕣tke瑟s蕦m蕦nt瑟w冒e瑟伞蕦蕦nt瑟wde瑟蓾a瑟d蓻ho蕣mde瑟fi蕦a蕣d忙t蓴de瑟d蕭蓻s蕦mm瑟s蕦d蓻s蕣tke瑟de瑟蕦mla瑟d蕦m忙n伞蓻d蕦s蕣tke瑟蕦vd蕦w蕣m蕦n忙n蕦w蕣m蕦n艐蓻冒蕦s蕣tk蓻蕦vd蕦m忙n蕦d蕦m蓻nf瑟蕦忙d忙冒蓻w蓾晒蓻s晒蓻s瑟n蕦sutke瑟s蕦d蕦晒蕦蓹d蕦w蕣m蕦n晒蓻s瑟n蕦s蕣tke瑟忙nd蕦d蕦d蕦w蕣m蕦ndfa蕣d蕦d蕦j蓻lo蕣h晒瑟pk忙晒蓹v忙s蓴ta瑟z蕦vd蕦m忙n瑟n瑟n蕦s蕣tke瑟s,so in a a big city there is a man and a woman who walking down the streets and they suddenly um hits each other at a corner of a building um and then they they continue walking with their suitcase um until they go until they arrive their home they feel how that or they just um mix up their suitcase they um like the man get the suitcase of the woman and the woman get the suitcase of the man uh the man figure out that there were dress dress in the suitcase uh the the woman dress in the suitcase and uh the the woman found the the yellow stripe cravat or ties of the man in in the suitcase,so蕣瑟n蕦蕦b瑟伞s瑟ti冒蓻晒瑟z蕦m忙n蕦nd蕦w蕣m蕦nhuw蓴k瑟艐da蕣n冒蕦st晒its蕦nd冒e瑟s蕦d蕦nli蕦mh瑟tsit蕛蕦冒蓾忙t蕦k蓴晒n蓾蕦v蕦b瑟ld瑟艐蕦m蕦nd冒蓻n冒e瑟冒e瑟k蕦nt瑟njuw蓴k瑟艐w瑟冒冒蓻晒sutke瑟s蕦m蕦nt瑟l冒e瑟伞o蕣蕦nt瑟l冒e瑟蓾a瑟v冒蓻晒ho蕣m冒e瑟filha蕣冒忙t蓴晒冒e瑟d蕭蕦st蕦mm瑟ks蕦p冒蓻晒sutke瑟s冒e瑟蕦mla瑟k冒蕦m忙n伞蓻t冒蕦sutke瑟s蕦v冒蕦w蕣m蕦n蕦nd冒蕦w蕣m蕦n伞蓻t冒蕦sutke瑟s蕦v冒蕦m忙n蕦冒蕦m忙nf瑟伞j蓾a蕣t冒忙t冒蓻晒w蓾d晒蓻sd晒蓻s瑟n冒蕦sutke瑟s蕦冒蕦冒蕦w蕣m蕦nd晒蓻s瑟n冒蕦sutke瑟s蕦nd蕦冒蕦冒蕦w蕣m蕦nfa蕣nd冒蕦冒蕦j蓻lo蕣st晒a瑟pk晒蓱v蕦t蓴晒ta瑟z蕦v冒蕦m忙n瑟n瑟n冒蕦sutke瑟s,tlv,m,Vietnamese,61.5166875,so蕣藞瑟n蕦蕦b瑟藞ks瑟藞tid蓻藞蓻s蕦m忙藞n蕦n蕦wum蕦nhu藞w蓴藞k瑟nn蓱n冒蕦t晒瑟藞s忙藞nde瑟藞s蕦藞晒蕦li蕦藞mh瑟藞ts瑟藞t蕛蕦藞晒晒蓹忙藞t蕦k蓱藞n蓾蕦藞v蕦b瑟藞wd瑟艐蕦藞m忙藞nn蓻藞nde瑟藞de瑟藞k蕦nt瑟藞njuw蓴藞k瑟nw瑟藞td蓻藞蓹s蕣tke瑟藢s蕦藞m蕦nt瑟藞w冒e瑟藞伞蕦藞蕦nt瑟藞wde瑟藞蓾a瑟藞d蓻ho蕣藞mde瑟藞fi藞蕦a蕣藞d忙藞t蓴藞de瑟藞d蕭蓻藞s蕦藞mm瑟藞s蕦藞d蓻藞s蕣藞tke瑟藢de瑟藞蕦藞mla瑟藞d蕦m忙藞n伞蓻藞d蕦s蕣藞tke瑟藢蕦vd蕦w蕣藞m蕦n忙藞n蕦w蕣藞m蕦n艐蓻藞冒蕦s蕣藞tk蓻蕦vd蕦m忙藞n蕦藞d蕦m蓻nf瑟藞蕦忙藞d忙藞冒蓻藞w蓾藞晒蓻藞s晒蓻藞s瑟藞n蕦su藞tke瑟藢s蕦藞d蕦晒蕦蓹d蕦w蕣藞m蕦n晒蓻藞s瑟n蕦s蕣藞tke瑟藢忙藞nd蕦藞d蕦d蕦w蕣藞m蕦ndfa蕣藞d蕦d蕦j蓻藞lo蕣h晒瑟藞pk忙晒蓹v忙藞s蓴ta瑟藞z蕦藞vd蕦m忙藞n瑟n瑟n蕦s蕣藞tke瑟藢s,591,123,361," So in a big city, there's a man and a woman who walk in the trees and they suddenly hit each other at the corner of a building. And then they continue walking with their suitcase until they arrive at home. They figure out that they just",so in a a big city there is a man and a woman who walking down the streets and they suddenly um hits each other at a corner of a building um and then they they continue walking with their suitcase um until they go until they arrive their home they feel how that or they just um mix up their suitcase they um like the man get the suitcase of the woman and the woman get the suitcase of the man uh the man figure out that there were dress dress in the suitcase uh the the woman dress in the suitcase and uh the the woman found the the yellow stripe cravat or ties of the man in in the suitcase,so in a big city theres a man and a woman who walk in the trees and they suddenly hit each other at the corner of a building and then they continue walking with their suitcase until they arrive at home they figure out that they just,123,591,0.6910569105691057,0.622673434856176
忙zf蓱晒忙za瑟k蕦nsi蕦d瑟sb瑟t蕛蓾瑟z忙kt蕛蓹li蕛蓴瑟艐tut晒忙vl蕦zhu蓱晒忙kt蕛l蓹li伞o蕣瑟nt蕦d蕦t晒忙v瑟艐d蕦d蕦se瑟ms瑟ti忙na瑟k蕦nsid蕦d蓻蓱p晒蕦f蓻蕛n蕦lid晒蓻st蕦pd忙tmis冒e瑟w蓹忙kt蓹li伞u瑟艐f蓴晒s蕦m蕦mid瑟艐蕦nd蕦瑟n蕦h蓾ide瑟蕦wa瑟l蓻伞z瑟t瑟艐f晒蕦md蕦蓻p蓴tde瑟忙ks蕦d蓻nt蕦li伞o蕣la瑟d瑟d瑟dit蕛蕦冒蕦忙nd蕦dj蕣晒瑟艐d蕦伞蓴l瑟蕭蕦nd蓻晒b忙ksk蓴tsw忙bd忙ndd蓻m瑟st蓻k蓹nli蓹t蕣k蕦it蕛蕦d蓹zb忙伞忙nv蓻ntud蓻晒isp蓻kt瑟vh蓴t蕦l忙n蓴n晒it蕛瑟艐h蓴t蕦lde瑟o蕣p蕦nd蕦l蕦伞瑟t蕛蕦nde瑟蕦s蓴d忙t蕦d蓻h忙vm瑟ste瑟k蕦nlite瑟k蕦nit蕛蕦冒蓾z蕦l蕦伞瑟t蕛忙nde瑟w蓾忙kt蕛蓹li蕦伞a瑟nd蕦f蕦d瑟p晒蓻stb瑟伞蓱zd蓻h蓱t蕣忙kt蕛蓹lik蓴tud蕦蕦m瑟t瑟艐瑟m瑟d蕭i蓻tli忙nna蕣d蓻wn蓴th蓻v瑟艐蕦d蕦蕦kl蕦d蕦kl蓴tsv瑟t蕛忙kt蕛l蓹lide瑟d瑟sa瑟d瑟tuvi蕦晒蓱nd蕦m瑟t瑟艐de瑟,as far as i can see uh this picture is actually showing two travelers who are actually going to the traveling to the same city and i can see that they are professionally dressed up that means they were actually going for some uh meeting and uh in a hurry they uh while exiting from the airport they accidentally collided with each other and uh during the collision their bags got swapped and they mistakenly took uh each other's bag and went to their respective hotel and on reaching hotel they opened the luggage and they uh saw that uh they have mistakenly taken each other's uh luggage and they were actually uh kind of uh depressed because they had to actually go to the uh meeting immediately and now they were not having uh the uh cl uh the clothes which actually they decided to wear on the meeting day,忙zf蓱晒忙za瑟k忙nsi蕦冒瑟sp瑟kt蕛蓾瑟z忙kt蕛蕦w蕦li蕛o蕣瑟艐tut晒忙v蕦l蓾zhu蓱晒忙kt蕛蕦w蕦li伞o蕣瑟艐tu冒蕦t晒忙v蕦l瑟艐tu冒蕦se瑟ms瑟ti蕦nda瑟k忙nsi冒忙t冒e瑟蓱晒p晒蕦f蓻蕛蕦n蕦lid晒蓻st蕦p冒忙tminz冒e瑟w蓾忙kt蕛蕦w蕦li伞o蕣瑟艐f蓴晒s蕦m蕦mit瑟艐蕦nd蕦瑟n蕦h蓾i冒e瑟蕦wa瑟l蓻伞z瑟t瑟艐f晒蕦m冒蕦蓻晒p蓴晒t冒e瑟忙ks蕦d蓻nt蕦lik蕦la瑟d瑟dw瑟冒it蕛蕦冒蓾蕦nd蕦d蕣晒瑟艐冒蕦k蕦l瑟蕭蕦n冒蓻晒b忙伞z伞蓱tsw蓱pt蕦nd冒e瑟m瑟ste瑟k蕦nlit蕣k蕦it蕛蕦冒蓾zb忙伞蕦ndw蓻nttu冒蓻晒晒瑟sp蓻kt瑟vho蕣t蓻l蕦nd蓱n晒it蕛瑟艐ho蕣t蓻l冒e瑟o蕣p蕦nd冒蕦l蕦伞蕦d蕭蕦nd冒e瑟蕦s蓴冒忙t蕦冒e瑟h忙vm瑟ste瑟k蕦nlite瑟k蕦nit蕛蕦冒蓾z蕦l蕦伞蕦d蕭蕦nd冒e瑟w蓾忙kt蕛蕦w蕦li蕦ka瑟nd蕦v蕦d瑟p晒蓻stb瑟k蓴z冒e瑟h忙dtu忙kt蕛蕦w蕦li伞o蕣tu冒蕦蕦mit瑟艐瑟midi蕦tli蕦ndna蕣冒e瑟w蓾n蓱th忙v瑟艐蕦冒蕦蕦k蓻l蕦冒蕦klo蕣冒zw瑟t蕛忙kt蕛蕦w蕦li冒e瑟d瑟sa瑟d瑟dtuw蓻晒蓱n冒蕦mit瑟艐de瑟,tni,f,Hindi,73.3129375,忙藞zf蓱藞晒忙藞za瑟藞k蕦nsi藞蕦藞d瑟藞sb瑟藞t蕛蓾瑟藞z忙藞kt蕛蓹li蕛蓴瑟艐tu藞t晒忙藞vl蕦zhu藞蓱藞晒忙藞kt蕛l蓹li伞o蕣藞瑟nt蕦d蕦t晒忙藞v瑟艐d蕦d蕦se瑟藞ms瑟藞ti忙藞na瑟藞k蕦nsi藞d蕦d蓻蓱p晒蕦f蓻藞蕛n蕦lid晒蓻藞st蕦藞pd忙藞tmi藞s冒e瑟藞w蓹忙藞kt蓹li伞u藞瑟艐f蓴藞晒s蕦藞m蕦藞mi藞d瑟艐蕦nd蕦藞瑟n蕦h蓾ide瑟藞蕦藞wa瑟藞l蓻藞伞z瑟t瑟艐f晒蕦藞md蕦蓻藞p蓴藢tde瑟藞忙藢ks蕦d蓻藞nt蕦li伞o蕣la瑟藞d瑟d瑟藞di藞t蕛蕦藞冒蕦忙藞nd蕦藞dj蕣藞晒瑟艐d蕦伞蓴l瑟藞蕭蕦nd蓻藞晒b忙藞ksk蓴tsw忙藞bd忙藞ndd蓻m瑟st蓻k蓹nli蓹t蕣藞k蕦藞i藞t蕛蕦藞d蓹zb忙藞伞忙藞nv蓻藞ntu藞d蓻藞晒isp蓻藞kt瑟vh蓴t蕦l忙藞n蓴藞n晒i藞t蕛瑟艐h蓴t蕦lde瑟藞o蕣藞p蕦nd蕦l蕦藞伞瑟t蕛蕦nde瑟藞蕦藞s蓴藞d忙藞t蕦藞d蓻h忙藞vm瑟ste瑟藞k蕦nlite瑟藞k蕦ni藞t蕛蕦藞冒蓾z蕦藞l蕦藞伞瑟t蕛忙藞nde瑟藞w蓾忙藞kt蕛蓹li蕦藞伞a瑟藞nd蕦藞f蕦藞d瑟p晒蓻藞stb瑟伞蓱藞zd蓻h蓱t蕣忙藞kt蕛蓹lik蓴tu藞d蕦藞蕦藞m瑟藞t瑟艐瑟m瑟藞d蕭i蓻tli忙藞nna蕣藞d蓻wn蓴藞th蓻藞v瑟艐蕦藞d蕦蕦藞kl蕦藞d蕦kl蓴tsv瑟藞t蕛忙藞kt蕛l蓹lide瑟藞d瑟藢sa瑟藞d瑟tu藞vi蕦晒蓱藞nd蕦藞m瑟藞t瑟艐de瑟藞,809,151,520, As far as I can see this picture is actually showing two travelers who are actually going to the traveling to the same city and I can see that they are professionally dressed up that means they were actually going for some meeting and in a hurry they while exiting from the airport they accidentally collided with each other and During the collision,as far as i can see uh this picture is actually showing two travelers who are actually going to the traveling to the same city and i can see that they are professionally dressed up that means they were actually going for some uh meeting and uh in a hurry they uh while exiting from the airport they accidentally collided with each other and uh during the collision their bags got swapped and they mistakenly took uh each others bag and went to their respective hotel and on reaching hotel they opened the luggage and they uh saw that uh they have mistakenly taken each others uh luggage and they were actually uh kind of uh depressed because they had to actually go to the uh meeting immediately and now they were not having uh the uh cl uh the clothes which actually they decided to wear on the meeting day,as far as i can see this picture is actually showing two travelers who are actually going to the traveling to the same city and i can see that they are professionally dressed up that means they were actually going for some meeting and in a hurry they while exiting from the airport they accidentally collided with each other and during the collision,151,807,0.5827814569536424,0.5675340768277571
蕦瑟ts冒瑟sst蓴晒ih忙p蕦n瑟n蕦b瑟伞s瑟ti蓱s瑟艐k瑟ts蕦晒蕦冒蓾t蓴b瑟wd瑟艐蓾蕦n蕦n蕦p蓱晒晒m蕦ntb瑟wd瑟艐忙n冒蓻晒瑟z蕦w瑟m蕦n忙nd蕦m忙n瑟t蕛h忙z蕦sutke瑟s瑟n冒蓻晒h忙nz蕦nd蕦hw蓻n冒e瑟t蓾n冒蕦k蓴晒n蓾冒e瑟蕦晒蕦n瑟ntuit蕛蕦冒蓾蕦n冒蕦sjutke瑟s瑟sw蓾蓴n冒蕦伞晒a蕣nd蕦nso蕣冒e瑟w蓻n冒e瑟晒a瑟s蕦伞蓻n忙nd蕦冒e瑟p瑟kt蕦p冒蕦sutke瑟s忙nw蓻n冒蓻晒s蓻ps蓻p蓾e瑟twe瑟zb蕦tw蓻n冒e瑟伞忙tu冒蓻晒蓹伞蓻s冒蓻晒蕦p蓱晒m蕦nts冒e瑟f蓱nda蕣d忙t冒e瑟t蕣k冒e瑟晒蓴艐sutke瑟s冒蕦m忙nn蓴h忙冒蕦w瑟m蕦nzsjutke瑟s忙ndhizsma瑟l瑟艐w瑟晒dli忙t冒o蕣z蕦klo蕣z瑟艐z蕦n冒蕦w瑟m蕦nw蕦zs蕦p晒a瑟zdtufa瑟nd忙冒蓻晒w蕦z蕦ta瑟瑟n蕦s蕣tke瑟s忙nd蕛im蕦sth忙v蕦晒i蕦la瑟d蕭忙t蕛it蕣k蕦冒蕦晒蕦艐sutke瑟s,uh it's this story happened in a big city i think it's a rather tall building or an apartment building and there is a woman and a man each has a suitcase in their hands and uh when they turn the corner they uh run into each other and the suitcases were on the ground and so they when  they rise again and they picked up the suitcase and went their sep separate ways but when they get to their i guess their apartments they found out that they took the wrong suitcase the man now had the woman's suitcase and he's smiling weirdly at those uh clothings and the woman was surprised to find that there was a tie in the suitcase and she must have realized that she took the wrong suitcase,蕦瑟ts冒瑟sst蓴晒ih忙p蕦nd瑟n蕦b瑟伞s瑟tia瑟胃瑟艐k瑟ts蕦晒忙冒蓾t蓴lb瑟ld瑟艐蓴晒忙n蕦p蓱晒tm蕦ntb瑟ld瑟艐蕦nd冒蓻晒瑟z蕦w蕣m蕦n蕦nd蕦m忙nit蕛h忙z蕦sutke瑟s瑟n冒蓻晒h忙ndz蕦nd蕦w蓻n冒e瑟t蓾n冒蕦k蓴晒n蓾冒e瑟蕦晒蕦n瑟ntuit蕛蕦冒蓾蕦nd冒蕦sutke瑟s瑟zw蓾蓱n冒蕦伞晒a蕣nd蕦ndso蕣冒e瑟w蓻n冒e瑟晒a瑟z蕦伞蓻n蕦nd冒e瑟p瑟kt蕦p冒蕦sutke瑟s蕦ndw蓻nt冒蓻晒s蓻ps蓻p蓾瑟twe瑟zb蕦tw蓻n冒e瑟伞蓻ttu冒蓻晒a瑟伞蓻s冒蓻晒蕦p蓱晒tm蕦nts冒e瑟fa蕣nda蕣t冒忙t冒e瑟t蕣k冒蕦晒蓴艐sutke瑟s冒蕦m忙nna蕣h忙d冒蕦w蕣m蕦nzsutke瑟s蕦ndhizsma瑟l瑟艐w瑟晒dli忙t冒o蕣z蕦kl蓱胃瑟艐z蕦nd冒蕦w蕣m蕦nw蓱zs蓾p晒a瑟zdtufa瑟nd冒忙t冒蓻晒w蓱z蕦ta瑟瑟n冒蕦sutke瑟s蕦nd蕛im蕦sth忙v晒ila瑟zd冒忙t蕛it蕣k冒蕦晒蓴艐sutke瑟s,txhc,m,Chinese,62.36875,蕦藞瑟ts冒瑟sst蓴藞晒ih忙藞p蕦n瑟n蕦b瑟藞伞s瑟藞ti蓱s瑟藞艐k瑟ts蕦晒蕦藞冒蓾t蓴藞b瑟藞wd瑟艐蓾蕦n蕦n蕦p蓱藞晒晒m蕦ntb瑟藞wd瑟艐忙藞n冒蓻藞晒瑟藞z蕦w瑟藞m蕦n忙藞nd蕦m忙藞n瑟t蕛h忙藞z蕦su藞tke瑟藢s瑟n冒蓻藞晒h忙藞nz蕦nd蕦藞hw蓻藞n冒e瑟藞t蓾藞n冒蕦藞k蓴藞晒n蓾冒e瑟藞蕦藞晒蕦藞n瑟藞ntui藞t蕛蕦藞冒蓾蕦n冒蕦sju藞tke瑟藢s瑟sw蓾蓴藞n冒蕦藞伞晒a蕣藞nd蕦nso蕣藞冒e瑟藞w蓻藞n冒e瑟藞晒a瑟藞s蕦伞蓻藞n忙藞nd蕦冒e瑟藞p瑟藞kt蕦藞p冒蕦su藞tke瑟藢s忙藞nw蓻藞n冒蓻藞晒s蓻藞ps蓻藞p蓾e瑟藢twe瑟藞zb蕦藞tw蓻藞n冒e瑟藞伞忙藞tu藞冒蓻藞晒蓹伞蓻藞s冒蓻藞晒蕦p蓱藞晒m蕦nts冒e瑟藞f蓱nda蕣藞d忙藞t冒e瑟藞t蕣藞k冒e瑟晒蓴藞艐su藞tke瑟藢s冒蕦m忙藞nn蓴h忙藞冒蕦藞w瑟藞m蕦nzsju藞tke瑟藢s忙藞ndhi藞zsma瑟藞l瑟艐w瑟藞晒dli忙藞t冒o蕣藞z蕦藞klo蕣藞z瑟艐z蕦n冒蕦藞w瑟藞m蕦nw蕦zs蕦p晒a瑟藞zdtu藞fa瑟藞nd忙藞冒蓻藞晒w蕦z蕦ta瑟藞瑟藞n蕦藞s蕣藞tke瑟藢s忙藞nd蕛i藞m蕦藞sth忙藞v蕦晒i藞蕦la瑟藢d蕭忙藞t蕛i藞t蕣藞k蕦冒蕦晒蕦藞艐su藞tke瑟藢s,683,134,452," This story happened in a big city, I think. It's a rather tall building, an apartment building. There are women and men, each has a suitcase in their hands. When they turn the corner, they run into each other and the suitcases were on the ground. When they rise again,",uh its this story happened in a big city i think its a rather tall building or an apartment building and there is a woman and a man each has a suitcase in their hands and uh when they turn the corner they uh run into each other and the suitcases were on the ground and so they when they rise again and they picked up the suitcase and went their sep separate ways but when they get to their i guess their apartments they found out that they took the wrong suitcase the man now had the womans suitcase and hes smiling weirdly at those uh clothings and the woman was surprised to find that there was a tie in the suitcase and she must have realized that she took the wrong suitcase,this story happened in a big city i think its a rather tall building an apartment building there are women and men each has a suitcase in their hands when they turn the corner they run into each other and the suitcases were on the ground when they rise again,134,678,0.6492537313432836,0.6268436578171092
瑟n蕦s蕦nina瑟sde瑟u蕦le瑟di蕦nd蕦m忙nl瑟v瑟艐瑟n蕦bi伞s瑟tiw蓴zbip蓻晒瑟艐tu伞蓴f蓴晒蕦t晒蓻p冒istupip蕦ld蕦n蓱tn蓴it蕛蕦冒蓾s蓴冒e瑟w蓾wo蕣k瑟艐蓱nst晒it蕦ndba瑟k蓴ns瑟d蕦ns冒e瑟h蓻tit蕛蓱冒蓾冒蓻晒b忙伞sf蓻lda蕣n蕦nds蓴do蕣蕦冒蓻m忙nd蕦蓱ft蓾冒忙tba瑟k蓴ns瑟d蕦ns蓴lso蕣冒e瑟h忙冒ise瑟mta瑟b蕦vb忙伞so蕣l蓻v晒iw蕦nt蕣k蓻nib忙伞f晒蕦md蕦伞晒忙nd忙nmuftb忙ktuh瑟zho蕣m蓱ft蓾冒忙t冒蓻w瑟n冒蓻晒isth蓴m冒蓻d瑟sk蕦v蓾冒蕦冒蓻b瑟k蕦bb瑟kt蕦b冒i晒蕦艐伞w蕦ndi晒蕦艐伞晒蕦艐b忙伞s蓴a瑟胃瑟艐冒蓻w蕦la瑟l胃瑟艐k瑟nna蕣蕦f晒瑟t蓾n瑟艐冒isb忙伞s,in a sunny nice day sil a lady and a man living in a big city was preparing to go for a trip these two people do not know each other so they were walking on street and by coincidence they hit each other their bags fell down and so do uh them and uh after that by coincidence also they had the same type of bag so everyone took any bag from the ground and moved back to his home after that they when they reached home they discovered that they pick up picked up the wrong one the wrong wrong bag so i think they will i will thinking now of returning these bags,瑟n蕦s蕦nina瑟sde瑟s瑟l蕦le瑟di蕦nd蕦m忙nl瑟v瑟艐瑟n蕦b瑟伞s瑟tiw蓱zp晒ip蓻晒瑟艐tu伞o蕣f蓴晒蕦t晒瑟p冒iztupip蕦ldun蓱tno蕣it蕛蕦冒蓾so蕣冒e瑟w蓾w蓴k瑟艐蓱nst晒it蕦ndba瑟ko蕣瑟ns瑟d蕦ns冒e瑟h瑟tit蕛蕦冒蓾冒蓻晒b忙伞zf蓻lda蕣n蕦ndso蕣du蕦冒蓻m蕦nd蕦忙ft蓾冒忙tba瑟ko蕣瑟ns瑟d蕦ns蓴lso蕣冒e瑟h忙d冒蕦se瑟mta瑟p蕦vb忙伞so蕣蓻v晒iw蕦nt蕣k蓻nib忙伞f晒蕦m冒蕦伞晒a蕣nd蕦ndmuvdb忙ktuh瑟zho蕣m忙ft蓾冒忙t冒e瑟w蓻n冒e瑟晒it蕛tho蕣m冒e瑟d瑟sk蕦v蓾d冒忙t冒e瑟p瑟k蕦pp瑟kt蕦p冒蕦晒蓴艐w蕦n冒蕦晒蓴艐晒蓴艐b忙伞so蕣a瑟胃瑟艐k冒e瑟w瑟la瑟w瑟l胃瑟艐k瑟艐na蕣蕦v晒瑟t蓾n瑟艐冒izb忙伞z,ybaa,m,Arabic,59.1588125,瑟n蕦s蕦藞nina瑟藞sde瑟藞u蕦le瑟藞di蕦nd蕦m忙藞nl瑟藞v瑟艐瑟藞n蕦bi伞s瑟藞tiw蓴藞zbip蓻藞晒瑟艐tu藞伞蓴f蓴藞晒蕦t晒蓻p冒i藞stu藞pi藞p蕦ld蕦藞n蓱藞tn蓴i藞t蕛蕦藞冒蓾s蓴冒e瑟藞w蓾wo蕣k瑟艐蓱藞nst晒i藞t蕦ndba瑟藞k蓴ns瑟d蕦ns冒e瑟藞h蓻藞ti藞t蕛蓱藞冒蓾冒蓻藞晒b忙藞伞sf蓻藞lda蕣藞n蕦nds蓴do蕣藞蕦冒蓻藞m忙藞nd蕦藞蓱ft蓾冒忙藞tba瑟藞k蓴ns瑟d蕦ns蓴藞lso蕣冒e瑟藞h忙藞冒ise瑟藞mta瑟藞b蕦vb忙藞伞so蕣藞l蓻藞v晒iw蕦藢nt蕣藞k蓻藞nib忙藞伞f晒蕦藞md蕦伞晒忙藞nd忙藞nmu藞ftb忙藞ktu藞h瑟zho蕣藞m蓱ft蓾冒忙藞t冒蓻w瑟藞n冒蓻晒i藞sth蓴m冒蓻d瑟sk蕦藞v蓾冒蕦冒蓻b瑟藞k蕦藞bb瑟藞kt蕦藞b冒i晒蕦艐伞w蕦藞ndi晒蕦藞艐伞晒蕦艐b忙藞伞s蓴a瑟藞胃瑟藞艐冒蓻w蕦la瑟藞l胃瑟藞艐k瑟nna蕣藞蕦f晒瑟t蓾n瑟艐冒i藞sb忙藞伞s,559,116,364," In a sunny, nice day, a lady and a man living in a big city was preparing to go for a trip. These two people do not know each other. So they were walking on the street and by coincidence they hit each other. Their bags fell down and so do them.",in a sunny nice day sil a lady and a man living in a big city was preparing to go for a trip these two people do not know each other so they were walking on street and by coincidence they hit each other their bags fell down and so do uh them and uh after that by coincidence also they had the same type of bag so everyone took any bag from the ground and moved back to his home after that they when they reached home they discovered that they pick up picked up the wrong one the wrong wrong bag so i think they will i will thinking now of returning these bags,in a sunny nice day a lady and a man living in a big city was preparing to go for a trip these two people do not know each other so they were walking on the street and by coincidence they hit each other their bags fell down and so do them,116,559,0.5689655172413793,0.5885509838998211
o蕣k蓻蕦a瑟k蕦nsisk晒e瑟ska瑟sk晒e瑟p蓾st蓴lb瑟ld瑟艐z忙na瑟胃瑟艐k瑟tl蕣ksla瑟k蕦b瑟ks瑟tiw瑟t蕛is蕦ful蕦pbib瑟bild瑟艐z忙nwo蕣lz忙nk蓱晒s忙na瑟伞蓻st蕦s蓻k蕦n胃瑟n蕛o蕣z冒i瑟nsa瑟t蕦vt蕦b瑟ld瑟艐忙nind忙sin蕦w蕦m蕦n忙n蕦m忙n蕦w蓴k瑟艐f晒蕦m胃f晒蕦md瑟f晒蕦nda瑟晒蓻k蕛瑟ns蕛izw蓻晒瑟艐蕦mla瑟t伞晒inla瑟k晒inla瑟t伞晒inn蓱t蕦d晒蓻sb蕦f蓴晒m蕦晒s蕣t忙nd蕦m蓻nisw蓻晒瑟艐blublus蕣t忙n冒e瑟忙kt蕛li蓱k蓻晒瑟艐瑟di瑟伞z忙klise瑟ml蕣k瑟艐sutke瑟s瑟s蓴晒b忙伞瑟t蕛忙na瑟胃瑟艐k蕦冒蓻晒冒e瑟蓾mit瑟艐忙t蕦k蓴n蓾忙na瑟胃瑟艐d忙de瑟didn蓱s瑟it蕛蕦冒蓾b蕦冒e瑟w蕦w蓴k瑟艐v蓻晒if忙sso蕣de瑟蕦mb蕦mpt瑟nt蕦瑟t蕛蕦冒蓾忙d蕦k蓴n蓾忙n冒e瑟f蓻lda蕣n蕦忙na瑟胃瑟艐k冒蓻晒s蕣tke瑟s瑟s蓾mikst蕦hi晒忙n蕛il蕣ksv蓻晒in蓱k蕦nfjust蕛if瑟lsdiz瑟b瑟k蕦z蕦vd蕦蕛蓱k忙nhi蓴lso蕣l蕣ksv蓻晒ib瑟zi蕦d瑟zi忙nhiz蕦伞l忙s瑟zis蕦f蓴l蕦n蓴nd蕦fl蓴晒b蕦me瑟bi忙pt蓾蕦fj蕣s蓻k蕦z蕦蕦fjum瑟n蕦tsde瑟蕦de瑟pulde瑟蓾p蕣l瑟艐冒蓻ms蓻lvs蕦冒蕦ms蓻lvzt蕦伞蓻冒蓾min瑟艐d蕦m忙n瑟z蕦mw蓾晒瑟艐h瑟s伞l蓱s瑟z蕦伞蓻n忙njun蓴ha蕣stuse瑟d瑟s蕛ist蕛izpl瑟艐h蓾s蓻lf忙n蕦蓴nd蕦fl蓴晒d晒蓹d蕦d蕦se瑟msutke瑟s瑟s冒e瑟f蓻lda蕣nd蕦s蕣tke瑟s瑟s蓴n冒蕦fl蓴晒忙n忙ft蓾pl瑟艐冒蕦ms蓻lvzt蕦伞蓻冒蓾de瑟l蕣k冒e瑟l蕣kh忙pidism蕦lt瑟it蕛蕦冒蓾忙nd冒e瑟d蓻晒te瑟k瑟艐d蕦s蕣tke瑟sd蕦s蕣tke瑟s瑟s忙n冒蓻nd蓻l忙ft忙n忙tho蕣md蕦m忙no蕣p蕦ndd蕦s蕣tke瑟s忙ndfa蕣nd蕦sl瑟pw蕣m蕦nzsl瑟p忙na瑟胃瑟艐冒忙t蕦mb瑟k蕦s冒isutke瑟s瑟sl蕣k瑟伞z忙ktli冒蕦se瑟mde瑟sw瑟t蕛瑟td蕦s蕣tke瑟s瑟s冒忙swa瑟d蕦m忙nh忙zd蕦w蕣m蕦nzs蕣tke瑟s忙nw蓻晒s蕣tke瑟sw蓻晒hifa蕣n蕦w蕦m蕦ns瑟n蓾瑟n蓾w蓻晒sl瑟p忙nhil蕣ksb蓻晒i瑟mb蓻晒蕦stb蕦tka瑟n蕦v蓴kw蓾sma瑟l蓱nh瑟sfe瑟s蕦忙nd蓻n蕛i蕦w蓻n蕛瑟蓾a瑟vd忙tho蕣m蕛i蓴晒so蕣fa蕣nda蕣td忙td忙sutke瑟s蕦mw蕦sn蓱th蓾sb瑟k蕦s蕛ifa蕣nd蕦n蓻kta瑟瑟n冒蕦s蕣tke瑟s忙n蓴la瑟d蕦m忙n蕛il蕣ksv蓻晒i蕛蓱kt瑟nst蓻d蕦v瑟mb蓻晒蕦st蕦w蓻n蕛i蕦fa蕣nj蓻lo蕣st晒a瑟pn蓻k蕦n蓻kta瑟,ok uh i can see skra skyscrapers tall buildings and i think it looks like a big city which is uh full of buil- big buildings and walls and cars and i guess the second thing shows the inside of the building and in that scene a woman and a man uh walking from th from different directions she's wearing um light green light green light green not a dress but formal suit and the man is wearing blue blue suit and they actually are carrying the exactly same looking suitcases or baggage and i think uh they're they are meeting at the corner and i think that they did not see each other but they were walking very fast so they um bumped into each other at the corner and they fell down uh and i think their suitcases are mixed here and she looks very not confused she feels dizzy because of the shock and he also looks very busy uh dizzy and his uh glasses is uh fallen on the floor but maybe after a few seconds uh a few minutes they uh they pull they are pulling themselves uh themselves together meaning the man is um wearing his glasses again and you know how to say this she's she's pulling herself and uh on the floor there are the the same suitcases they fell down the suitcases on the floor and after pulling themselves together they look they look happy they smile to each other and they they're taking the suitcase the suitcases and then they left and at home the man opened the suitcase and found a slip woman's slip and i think that um because the suitcases look exactly the same they switched the suitcases that's why the man has the woman's suitcase and where suitcase where he found a woman's inner inner wear slip and he looks very embarrassed but kind of awkward smile on his face uh and then she uh when she arrived at home she also found out that that suitcase um was not hers because she found a necktie in the suitcase and unlike the man she looks very shocked instead of embarrassed uh when she uh found yellow striped neck uh necktie,o蕣ke瑟蕦a瑟k忙nsisk晒蓱ska瑟sk晒e瑟p蓾zt蓴lb瑟ld瑟艐z蕦nda瑟胃瑟艐k瑟tl蕣ksla瑟k蕦b瑟伞s瑟tiw瑟t蕛瑟z蕦f蕣l蕦vbju蕦lb瑟伞b瑟ld瑟艐z蕦ndw蓴lz蕦ndk蓱晒z蕦nda瑟伞蓻s冒蕦s蓻k蕦nd胃瑟艐蕛o蕣z冒蕦瑟nsa瑟d蕦v冒蕦b瑟ld瑟艐蕦nd瑟n冒忙tsin蕦w蕣m蕦n蕦nd蕦m忙n蕦w蓴k瑟艐f晒蕦mtie瑟t蕛f晒蕦md瑟f蓾蕦ntd蓾蓻k蕛蕦nz蕛izw蓻晒瑟艐蕦mla瑟t伞晒inla瑟t伞晒inla瑟t伞晒inn蓱t蕦d晒蓻sb蕦tf蓴晒m蕦lsut蕦nd冒蕦m忙n瑟zw蓻晒瑟艐blublusut蕦nd冒e瑟忙kt蕛蕦w蕦li蓱晒k忙晒i瑟艐冒蕦瑟伞z忙ktlise瑟ml蕣k瑟艐sutke瑟s瑟z蓴晒b忙伞蕦d蕭蕦nda瑟胃瑟艐k蕦冒蓻晒冒e瑟蓱晒mit瑟艐忙t冒蕦k蓴晒n蓾蕦nda瑟胃瑟艐k冒忙t冒e瑟d瑟dn蓱tsiit蕛蕦冒蓾b蕦t冒e瑟w蓾w蓴k瑟艐v蓻晒if忙stso蕣冒e瑟蕦mb蕦mpt瑟ntuit蕛蕦冒蓾忙t冒蕦k蓴晒n蓾蕦nd冒e瑟f蓻lda蕣n蕦蕦nda瑟胃瑟艐k冒蓻晒sutke瑟s瑟z蓱晒m瑟ksthi晒蕦nd蕛il蕣ksv蓻晒in蓱tk蕦nfjuzd蕛ifilzd瑟zib瑟k蓴z蕦v冒蕦蕛蓱k蕦ndhi蓴lso蕣l蕣ksv蓻晒ib瑟zi蕦d瑟zi蕦ndh瑟z蕦伞l忙s蕦z瑟z蕦f蓱l蕦n蓱n冒蕦fl蓴晒b蕦tme瑟bi忙ft蓾蕦fjus蓻k蕦ndz蕦蕦fjum瑟n蕦ts冒e瑟蕦冒e瑟p蕣l冒e瑟蓱晒p蕣l瑟艐冒蓻ms蓻lvz蕦冒蓻ms蓻lvzt蕦伞蓻冒蓾min瑟艐冒蕦m忙n瑟z蕦mw蓻晒瑟艐h瑟z伞l忙s蕦z蕦伞蓻n蕦ndjuno蕣ha蕣tuse瑟冒瑟s蕛iz蕛izp蕣l瑟艐h蓾s蓻lf蕦nd蕦蓱n冒蕦fl蓴晒冒蓻晒蓱晒冒蕦冒蕦se瑟msutke瑟s瑟z冒e瑟f蓻lda蕣n冒蕦sutke瑟s瑟z蓱n冒蕦fl蓴晒蕦nd忙ft蓾p蕣l瑟艐冒蓻ms蓻lvzt蕦伞蓻冒蓾冒e瑟l蕣k冒e瑟l蕣kh忙pi冒e瑟sma瑟ltuit蕛蕦冒蓾蕦nd冒e瑟冒蓻晒te瑟k瑟艐冒蕦sutke瑟s冒蕦sutke瑟s瑟z蕦nd冒蓻n冒e瑟l蓻ft蕦nd忙tho蕣m冒蕦m忙no蕣p蕦nd冒蕦sutke瑟s蕦ndfa蕣nd蕦sl瑟pw蕣m蕦nzsl瑟p蕦nda瑟胃瑟艐k冒忙t蕦mb瑟k蓴z冒蕦sutke瑟s瑟zl蕣k瑟伞z忙ktli冒蕦se瑟m冒e瑟sw瑟t蕛t冒蕦sutke瑟s瑟z冒忙tswa瑟冒蕦m忙nh忙z冒蕦w蕣m蕦nzsutke瑟s蕦ndw蓻晒sutke瑟sw蓻晒hifa蕣nd蕦w蕣m蕦nz瑟n蓾瑟n蓾w蓻晒sl瑟p蕦ndhil蕣ksv蓻晒i瑟mb蓻晒蕦stb蕦tka瑟nd蕦v蓱kw蓾dsma瑟l蓱nh瑟zfe瑟s蕦蕦nd冒蓻n蕛i蕦w蓻n蕛i蓾a瑟vd忙tho蕣m蕛i蓴lso蕣fa蕣nda蕣t冒忙t冒忙tsutke瑟s蕦mw蓱zn蓱th蓾zb瑟k蓴z蕛ifa蕣nd蕦n蓻kta瑟瑟n冒蕦sutke瑟s蕦nd蕦nla瑟k冒蕦m忙n蕛il蕣ksv蓻晒i蕛蓱kt瑟nst蓻d蕦v瑟mb蓻晒蕦st蕦w蓻n蕛i蕦fa蕣ndj蓻lo蕣st晒a瑟ptn蓻k蕦n蓻kta瑟,ydck,f,Korean,235.036375,o蕣藞k蓻蕦a瑟藞k蕦nsi藞sk晒e瑟藞ska瑟藞sk晒e瑟藢p蓾st蓴藞lb瑟藞ld瑟艐z忙藞na瑟藞胃瑟藞艐k瑟藞tl蕣藞ksla瑟藞k蕦b瑟藞ks瑟藞tiw瑟藞t蕛is蕦藞fu藞l蕦藞pbi藞b瑟藞bild瑟艐z忙藞nwo蕣藞lz忙藞nk蓱藞晒s忙藞na瑟藞伞蓻藞st蕦s蓻藞k蕦n胃瑟藞n蕛o蕣藞z冒i瑟nsa瑟藞t蕦vt蕦藞b瑟藞ld瑟艐忙藞nind忙藞si藞n蕦w蕦m蕦n忙藞n蕦m忙藞n蕦藞w蓴藞k瑟艐f晒蕦藞m胃f晒蕦藞md瑟藞f晒蕦nda瑟晒蓻藞k蕛瑟ns蕛i藞zw蓻藞晒瑟艐蕦藞mla瑟藞t伞晒i藞nla瑟藞k晒i藞nla瑟藞t伞晒i藞nn蓱藞t蕦d晒蓻藞sb蕦藞f蓴藞晒m蕦晒s蕣t忙藞nd蕦藞m蓻nisw蓻藞晒瑟艐blu藞blu藞s蕣藞t忙藞n冒e瑟藞忙藞kt蕛li蓱藞k蓻藞晒瑟艐瑟di瑟伞z忙藞klise瑟藞ml蕣藞k瑟艐su藞tke瑟藢s瑟s蓴藞晒b忙藞伞瑟t蕛忙藞na瑟藞胃瑟藞艐k蕦藞冒蓻藞晒冒e瑟藞蓾mi藞t瑟艐忙藞t蕦藞k蓴藞n蓾忙藞na瑟藞胃瑟藞艐d忙藞de瑟藞didn蓱藞s瑟i藞t蕛蕦藞冒蓾b蕦藞冒e瑟藞w蕦w蓴藞k瑟艐v蓻藞晒if忙藞sso蕣藞de瑟藞蕦藞mb蕦藞mpt瑟nt蕦瑟t蕛蕦藞冒蓾忙藞d蕦藞k蓴藞n蓾忙藞n冒e瑟藞f蓻藞lda蕣藞n蕦藞忙藞na瑟藞胃瑟藞艐k冒蓻藞晒s蕣藞tke瑟藢s瑟s蓾mikst蕦hi藞晒忙藞n蕛i藞l蕣藞ksv蓻藞晒in蓱藞k蕦nfju藞st蕛i藞f瑟lsdiz瑟b瑟k蕦藞z蕦藞vd蕦蕛蓱藞k忙藞nhi藞蓴藞lso蕣l蕣藞ksv蓻藞晒ib瑟藞zi蕦藞d瑟藞zi忙藞nhiz蕦藞伞l忙藞s瑟zi藞s蕦藞f蓴l蕦n蓴藞nd蕦藞fl蓴藞晒b蕦藞me瑟藞bi忙藞pt蓾蕦fj蕣s蓻藞k蕦z蕦藞蕦fju藞m瑟藞n蕦tsde瑟藞蕦藞de瑟藞pu藞lde瑟藞蓾p蕣藞l瑟艐冒蓻ms蓻藞lvs蕦藞冒蕦ms蓻藞lvzt蕦伞蓻藞冒蓾mi藞n瑟艐d蕦藞m忙藞n瑟藞z蕦藞mw蓾晒瑟艐h瑟藞s伞l蓱s瑟z蕦伞蓻藞n忙藞njun蓴ha蕣藞stu藞se瑟藞d瑟藞s蕛i藞st蕛i藞zpl瑟艐h蓾s蓻藞lf忙藞n蕦藞蓴藞nd蕦藞fl蓴藞晒d晒蓹d蕦d蕦se瑟藞msu藞tke瑟藢s瑟s冒e瑟藞f蓻藞lda蕣藞nd蕦s蕣tke瑟藢s瑟s蓴藞n冒蕦藞fl蓴藞晒忙藞n忙藞ft蓾pl瑟艐冒蕦ms蓻藞lvzt蕦伞蓻藞冒蓾de瑟藞l蕣藞k冒e瑟藞l蕣藞kh忙藞pidism蕦lt瑟i藞t蕛蕦藞冒蓾忙藞nd冒e瑟藞d蓻藞晒te瑟藞k瑟艐d蕦藞s蕣tke瑟藢sd蕦s蕣藞tke瑟藢s瑟s忙藞n冒蓻藞nd蓻l忙ft忙藞n忙藞tho蕣藞md蕦藞m忙藞no蕣p蕦ndd蕦s蕣tke瑟藢s忙藞ndfa蕣藞nd蕦sl瑟藞pw蕣藞m蕦nzsl瑟藞p忙藞na瑟藞胃瑟藞艐冒忙藞t蕦藞mb瑟k蕦s冒isu藞tke瑟藢s瑟sl蕣藞k瑟伞z忙藞ktli冒蕦se瑟藞mde瑟藞sw瑟藞t蕛瑟td蕦s蕣藞tke瑟藢s瑟s冒忙藞swa瑟藞d蕦藞m忙藞nh忙藞zd蕦w蕣藞m蕦nzs蕣藞tke瑟藢s忙藞nw蓻藞晒s蕣藞tke瑟藢sw蓻藞晒hi藞fa蕣藞n蕦w蕦藞m蕦ns瑟藞n蓾瑟藞n蓾w蓻藞晒sl瑟藞p忙藞nhi藞l蕣藞ksb蓻藞晒i瑟mb蓻藞晒蕦stb蕦藞tka瑟藞n蕦藞v蓴藞kw蓾sma瑟藞l蓱藞nh瑟藞sfe瑟藞s蕦藞忙藞nd蓻藞n蕛i藞蕦藞w蓻藞n蕛瑟蓾a瑟藞vd忙藞tho蕣藞m蕛i藞蓴藞晒so蕣fa蕣藞nda蕣藞td忙藞td忙藞su藞tke瑟藢s蕦藞mw蕦藞sn蓱藞th蓾sb瑟k蕦s蕛i藞fa蕣藞nd蕦n蓻藞kta瑟藢瑟藞n冒蕦s蕣tke瑟藢s忙藞n蓴la瑟藞d蕦藞m忙藞n蕛i藞l蕣藞ksv蓻藞晒i蕛蓱藞kt瑟nst蓻藞d蕦藞v瑟mb蓻藞晒蕦st蕦藞w蓻藞n蕛i藞蕦藞fa蕣藞nj蓻藞lo蕣st晒a瑟藞pn蓻藞k蕦藞n蓻藞kta瑟藢,1951,374,1263," Okay, I can see skyscrapers and tall buildings and I think it looks like a big city which is full of big buildings and rows and cars and I guess the second scene shows the inside of the building",ok uh i can see skra skyscrapers tall buildings and i think it looks like a big city which is uh full of buil big buildings and walls and cars and i guess the second thing shows the inside of the building and in that scene a woman and a man uh walking from th from different directions shes wearing um light green light green light green not a dress but formal suit and the man is wearing blue blue suit and they actually are carrying the exactly same looking suitcases or baggage and i think uh theyre they are meeting at the corner and i think that they did not see each other but they were walking very fast so they um bumped into each other at the corner and they fell down uh and i think their suitcases are mixed here and she looks very not confused she feels dizzy because of the shock and he also looks very busy uh dizzy and his uh glasses is uh fallen on the floor but maybe after a few seconds uh a few minutes they uh they pull they are pulling themselves uh themselves together meaning the man is um wearing his glasses again and you know how to say this shes shes pulling herself and uh on the floor there are the the same suitcases they fell down the suitcases on the floor and after pulling themselves together they look they look happy they smile to each other and they theyre taking the suitcase the suitcases and then they left and at home the man opened the suitcase and found a slip womans slip and i think that um because the suitcases look exactly the same they switched the suitcases thats why the man has the womans suitcase and where suitcase where he found a womans inner inner wear slip and he looks very embarrassed but kind of awkward smile on his face uh and then she uh when she arrived at home she also found out that that suitcase um was not hers because she found a necktie in the suitcase and unlike the man she looks very shocked instead of embarrassed uh when she uh found yellow striped neck uh necktie,okay i can see skyscrapers and tall buildings and i think it looks like a big city which is full of big buildings and rows and cars and i guess the second scene shows the inside of the building,374,1941,0.9090909090909091,0.904688304997424
蕦瑟n蕦l蓱d蕭s瑟tib瑟ld瑟艐蕦t蓻晒w蕦ztupip蕦lhuw蓾k蓻晒i瑟艐s瑟m蕦l蓾s蕣ke瑟s瑟s蕦蕦le瑟di蕦蕦le瑟dihuw蕦sk蓻晒i瑟艐蕦s瑟m蕦l蓹s蕣ke瑟sw瑟d蕦伞a瑟huw蕦zhu瑟zw蓻晒瑟艐蕦蕦w蓻晒瑟艐sut忙nd蓻de瑟b蕦mpt瑟ntuit蕛蕦冒蓾忙t冒蕦k蓴n蓹蕦vd蕦d蕦h蓴lwe瑟忙nd蓻nde瑟w蕦n蓱ktd蓴n蓴nd蕦伞晒蓱nt蓴nd蕦h蓴lwe瑟s蓴te瑟p晒蓱vli瑟kst蕛e瑟ndd蓻晒蕦瑟skjuz瑟zt瑟it蕛蕦冒蓾忙n冒蓻nde瑟蕦de瑟p瑟k蕦d蓻蓹st蕦fs忙nd蓻nt蕣kw蕦n蕦vd蕦b晒瑟fke瑟蕦s蕣ke瑟s瑟sf蓴s蕣ke瑟s瑟s忙nd蓻nde瑟p晒蓱vlit蓴d蕦d蓴z蓱d蓻蓹s蕣ke瑟s瑟z忙nd蓻蓹w蓻nte瑟w蓻n蓴nd蓻蓹w蓴nwe瑟忙nd蓻nd蓻蓾a瑟vd瑟nd蓻蓹h蓴t蓻l晒蕣m忙nd蕦伞a瑟fa蕣nd蕦蓻s蕦蓻sw蕦m蕦nss蕦sw瑟m瑟艐sut瑟nd蕦p晒if瑟nd蕦s蕣ke瑟sd蕦thik蓻晒id忙nd蓻nd蕦w蕦m蕦nf蓱nd蕦n蕦n蓻kta瑟蕦v蕦伞a瑟瑟nh蓾suke瑟ss蓴w瑟k蕦n蕦s蓹nd蕦p晒蓱vlide瑟h忙ft蓻晒蕦h忙v蕦晒蓴艐suke瑟s瑟s蕦nd蓻nd忙ts瑟t,uh in a large city building uh x there was two people who were carrying similar suitcases uh a lady uh a lady who was carrying a similar suitcase with a guy who was who is wearing uh uh wearing suit and then they bumped into each other at the corner of the the hallway and then they were knocked down on the ground on the hallway so they probably exchanged their uh excuses to each other and then they uh they pick up their stuffs and then took one of the briefcase uh suitcases for suitcases and then they probably thought that those are their suitcases and their went they went on their own way and then they arrived in their hotel room and the guy found a s uh s woman's s uh swimming suit in the brief in the suitcase that he carried and then the woman found an a necktie of a guy in her suitcase so we can assume that probably they have their uh have a wrong suitcases and then that's it,蕦瑟n蕦l蓱晒d蕭s瑟tib瑟ld瑟艐蕦蓻ks冒蓻晒w蓱ztupip蕦lhuw蓾k忙晒i瑟艐s瑟m蕦l蓾sutke瑟s瑟z蕦蕦le瑟di蕦蕦le瑟dihuw蓱zk忙晒i瑟艐蕦s瑟m蕦l蓾sutke瑟sw瑟冒蕦伞a瑟huw蓱zhu瑟zw蓻晒瑟艐蕦蕦w蓻晒瑟艐sut蕦nd冒蓻n冒e瑟b蕦mpt瑟ntuit蕛蕦冒蓾忙t冒蕦k蓴晒n蓾蕦v冒蕦冒蕦h蓴lwe瑟蕦nd冒蓻n冒e瑟w蓾n蓱ktda蕣n蓱n冒蕦伞晒a蕣nd蓱n冒蕦h蓴lwe瑟so蕣冒e瑟p晒蓱b蕦bli瑟kst蕛e瑟nd蕭d冒蓻晒蕦瑟kskjus瑟ztuit蕛蕦冒蓾蕦nd冒蓻n冒e瑟蕦冒e瑟p瑟k蕦p冒蓻晒st蕦fs蕦nd冒蓻nt蕣kw蕦n蕦v冒蕦b晒ifke瑟s蕦sutke瑟s瑟zf蓴晒sutke瑟s瑟z蕦nd冒蓻n冒e瑟p晒蓱b蕦bli胃蓴t冒忙t冒o蕣z蓱晒冒蓻晒sutke瑟s瑟z蕦nd冒蓻晒w蓻nt冒e瑟w蓻nt蓱n冒蓻晒o蕣nwe瑟蕦nd冒蓻n冒e瑟蓾a瑟vd瑟n冒蓻晒ho蕣t蓻l晒um蕦nd冒蕦伞a瑟fa蕣nd蕦蓻s蕦蓻sw蕣m蕦nz蓻s蕦sw瑟m瑟艐sut瑟n冒蕦b晒if瑟n冒蕦sutke瑟s冒忙thik忙晒id蕦nd冒蓻n冒蕦w蕣m蕦nfa蕣nd忙n蕦n蓻kta瑟蕦v蕦伞a瑟瑟nh蓾sutke瑟sso蕣wik忙n蕦sum冒忙tp晒蓱b蕦bli冒e瑟h忙v冒蓻晒蕦h忙v蕦晒蓴艐sutke瑟s瑟z蕦nd冒蓻n冒忙ts瑟t,ykwk,m,Korean,96.0655,蕦藞瑟藞n蕦l蓱藞d蕭s瑟藞tib瑟藞ld瑟艐蕦藞t蓻藞晒w蕦ztu藞pi藞p蕦lhu藞w蓾藞k蓻藞晒i瑟艐s瑟藞m蕦l蓾s蕣ke瑟藢s瑟s蕦藞蕦le瑟藞di蕦藞蕦le瑟藞dihu藞w蕦藞sk蓻藞晒i瑟艐蕦s瑟藞m蕦l蓹s蕣ke瑟藢sw瑟藞d蕦伞a瑟藞hu藞w蕦藞zhu藞瑟zw蓻藞晒瑟艐蕦藞蕦藞w蓻藞晒瑟艐su藞t忙藞nd蓻藞de瑟藞b蕦藞mpt瑟ntu藞i藞t蕛蕦藞冒蓾忙藞t冒蕦k蓴藞n蓹蕦vd蕦藞d蕦藞h蓴藞lwe瑟藢忙藞nd蓻藞nde瑟藞w蕦n蓱藞ktd蓴藞n蓴藞nd蕦伞晒蓱nt蓴藞nd蕦藞h蓴藞lwe瑟藢s蓴te瑟藞p晒蓱藞vli瑟kst蕛e瑟藞ndd蓻藞晒蕦藞瑟skju藞z瑟zt瑟i藞t蕛蕦藞冒蓾忙藞n冒蓻藞nde瑟藞蕦藞de瑟藞p瑟藞k蕦藞d蓻藞蓹st蕦藞fs忙藞nd蓻藞nt蕣藞kw蕦藞n蕦藞vd蕦b晒瑟fke瑟藢蕦藞s蕣ke瑟藢s瑟sf蓴藞s蕣ke瑟藢s瑟s忙藞nd蓻藞nde瑟藞p晒蓱藞vlit蓴藞d蕦d蓴z蓱藞d蓻藞蓹s蕣ke瑟藢s瑟z忙藞nd蓻藞蓹w蓻藞nte瑟藞w蓻藞n蓴藞nd蓻藞蓹w蓴nwe瑟藞忙藞nd蓻藞nd蓻蓾a瑟藞vd瑟nd蓻藞蓹h蓴t蓻藞l晒蕣m忙藞nd蕦伞a瑟藞fa蕣藞nd蕦蓻藞s蕦藞蓻藞sw蕦藞m蕦nss蕦藞sw瑟藞m瑟艐su藞t瑟藞nd蕦藞p晒i藞f瑟nd蕦藞s蕣ke瑟藢sd蕦thi藞k蓻藞晒id忙藞nd蓻藞nd蕦w蕦藞m蕦nf蓱nd蕦n蕦n蓻藞kta瑟藢蕦藞v蕦伞a瑟藞瑟nh蓾藞su藞ke瑟藢ss蓴w瑟k蕦n蕦s蓹nd蕦p晒蓱藞vlide瑟藞h忙藞ft蓻藞晒蕦藞h忙藞v蕦晒蓴藞艐su藞ke瑟藢s瑟s蕦nd蓻藞nd忙藞ts瑟藞t,892,178,550," In a large city building, there was two people who were carrying similar suitcases. A lady who was carrying a similar suitcase with a guy who was wearing a wedding suit. And they bumped into each other at the corner of the",uh in a large city building uh x there was two people who were carrying similar suitcases uh a lady uh a lady who was carrying a similar suitcase with a guy who was who is wearing uh uh wearing suit and then they bumped into each other at the corner of the the hallway and then they were knocked down on the ground on the hallway so they probably exchanged their uh excuses to each other and then they uh they pick up their stuffs and then took one of the briefcase uh suitcases for suitcases and then they probably thought that those are their suitcases and their went they went on their own way and then they arrived in their hotel room and the guy found a s uh s womans s uh swimming suit in the brief in the suitcase that he carried and then the woman found an a necktie of a guy in her suitcase so we can assume that probably they have their uh have a wrong suitcases and then thats it,in a large city building there was two people who were carrying similar suitcases a lady who was carrying a similar suitcase with a guy who was wearing a wedding suit and they bumped into each other at the corner of the,178,890,0.7752808988764045,0.7573033707865169
ke瑟w蓻ld蕦f蓾sfo蕣t蕣蕛o蕣蕛o蕣ze瑟蕦ha瑟b瑟ld瑟艐伞瑟tsimst瑟bi蕦m蓱d蓾nb瑟zis瑟ti忙nd蓻nd蓹s蓻k蕦nw蕦n蕛o蕣ze瑟me瑟l忙nd蕦fime瑟l冒蓻ndime瑟l瑟zw蓻晒瑟艐伞蕦me瑟sut忙nd蕦fime瑟l瑟zw蓻晒瑟艐伞蕦sk蓾t忙nd蕛iz蓴lso蕣w蓻晒瑟艐伞e瑟s蕣t蕦bo蕣胃ho蕣ld瑟艐k蕦蕦s蕣tke瑟s瑟s蕦de瑟s瑟mst蓹bi瑟n蕦晒蕦蕛蕦mde瑟忙ks蕦d蓻nt蕦lih瑟tit蕛蕦d蓾蕦m蕦d蓻nde瑟simt蓹bisw蓻t蕛瑟艐伞蓹d蓻晒sutke瑟s瑟z蕦w瑟ndim忙no蕣p蕦ndisutke瑟shif蓱nd蓹w蕣m蕦nd晒瑟sa瑟忙nd蓹蓱n冒i蕦冒蓹h忙nthw瑟nd蕦w瑟m蕦n蓴p蕦nd蕦sutke瑟s蕛if蓱nd瑟tsimst瑟bie瑟j蓻lo蕣ta瑟s蕦m胃瑟艐伞la瑟k冒忙,k well the first photo show shows a uh high building it seems to be a modern busy city and then the second one shows a male and a female then the male is wearing um a suit and the female is wearing a skirt and she's also wearing a suit uh both holding uh suitcases uh they seems to be in a rush um they accidentally hit each other um uh then they seem to be switching their suitcases uh when the man opened the suitcase he found a woman dress uh and on the other hand when the woman opened the suitcase she found it seems to be a yellow tie something like that,ke瑟w蓻l冒蕦f蓾stfo蕣to蕣蕛o蕣蕛o蕣z蕦蕦ha瑟b瑟ld瑟艐瑟tsimztubi蕦m蓱d蓾nb瑟zis瑟ti蕦nd冒蓻n冒蕦s蓻k蕦ndw蕦n蕛o蕣z蕦me瑟l蕦nd蕦fime瑟l冒蓻n冒蕦me瑟l瑟zw蓻晒瑟艐蕦m蕦sut蕦nd冒蕦fime瑟l瑟zw蓻晒瑟艐蕦sk蓾t蕦nd蕛iz蓴lso蕣w蓻晒瑟艐蕦sut蕦bo蕣胃ho蕣ld瑟艐蕦sutke瑟s瑟z蕦冒e瑟simztubi瑟n蕦晒蕦蕛蕦m冒e瑟忙ks蕦d蓻nt蕦lih瑟tit蕛蕦冒蓾蕦m蕦冒蓻n冒e瑟simtubisw瑟t蕛瑟艐冒蓻晒sutke瑟s瑟z蕦w蓻n冒蕦m忙no蕣p蕦nd冒蕦sutke瑟shifa蕣nd蕦w蕣m蕦nd晒蓻s蕦蕦nd蓱n冒蕦蕦冒蓾h忙ndw蓻n冒蕦w蕣m蕦no蕣p蕦nd冒蕦sutke瑟s蕛ifa蕣nd瑟tsimztubi蕦j蓻lo蕣ta瑟s蕦m胃瑟艐la瑟k冒忙t,zhaa,f,Arabic,45.6375625,ke瑟藞w蓻藞ld蕦f蓾藞sfo蕣藞t蕣蕛o蕣藞蕛o蕣藞ze瑟藞蕦藞ha瑟藞b瑟藞ld瑟艐伞瑟藞tsi藞mst瑟bi藞蕦m蓱藞d蓾nb瑟藞zis瑟藞ti忙藞nd蓻藞nd蓹s蓻藞k蕦nw蕦藞n蕛o蕣藞ze瑟藞me瑟藞l忙藞nd蕦fi藞me瑟藢l冒蓻藞ndime瑟藞l瑟藞zw蓻藞晒瑟艐伞蕦藞me瑟藞su藞t忙藞nd蕦fi藞me瑟藢l瑟藞zw蓻藞晒瑟艐伞蕦sk蓾藞t忙藞nd蕛i藞z蓴藞lso蕣w蓻藞晒瑟艐伞e瑟藞s蕣藞t蕦藞bo蕣藞胃ho蕣藞ld瑟艐k蕦蕦藞s蕣藞tke瑟藢s瑟s蕦藞de瑟藞s瑟mst蓹bi藞瑟藞n蕦晒蕦藞蕛蕦藞mde瑟藞忙藢ks蕦d蓻藞nt蕦lih瑟藞ti藞t蕛蕦藞d蓾蕦藞m蕦藞d蓻藞nde瑟藞si藞mt蓹bi藞sw蓻藞t蕛瑟艐伞蓹d蓻藞晒su藞tke瑟藢s瑟z蕦藞w瑟藞ndim忙藞no蕣藞p蕦ndisu藞tke瑟藢shi藞f蓱藞nd蓹w蕣藞m蕦nd晒瑟藞sa瑟忙藞nd蓹蓱藞n冒i蕦藞冒蓹h忙藞nthw瑟藞nd蕦w瑟藞m蕦n蓴p蕦nd蕦su藞tke瑟藢s蕛i藞f蓱nd瑟藞tsi藞mst瑟bi藞e瑟藞j蓻藞lo蕣ta瑟藞s蕦藞m胃瑟艐伞la瑟藞k冒忙藞,560,116,387," Okay. Well, the first photo shows a high building. It seems to be a modern business city. And then the second one shows a email and a female. Then the male is wearing a suit and the female is wearing a skirt and she's also wearing a suit. Both holding suitcases. They seem to be in a rush. They accidentally hit each other.",k well the first photo show shows a uh high building it seems to be a modern busy city and then the second one shows a male and a female then the male is wearing um a suit and the female is wearing a skirt and shes also wearing a suit uh both holding uh suitcases uh they seems to be in a rush um they accidentally hit each other um uh then they seem to be switching their suitcases uh when the man opened the suitcase he found a woman dress uh and on the other hand when the woman opened the suitcase she found it seems to be a yellow tie something like that,okay well the first photo shows a high building it seems to be a modern business city and then the second one shows a email and a female then the male is wearing a suit and the female is wearing a skirt and shes also wearing a suit both holding suitcases they seem to be in a rush they accidentally hit each other,116,559,0.49137931034482757,0.4740608228980322
